{"organisation":"TUA_PHIDU","name":"sd_education","title":"SD Education","legal":{"copyrightYear":"2014","attributionYear":"2014","attribution":"{datasource.organisationTitle}, ({dataset.attributionYear}): {dataset.title}; accessed from AURIN Portal on {dateOfAccess}.","clickthrough":false,"licenceType":"Creative Commons Attribution-NonCommercial-ShareAlike 3.0 Australia (CC BY-NC-SA 3.0 AU)","copyrightNotice":"&copy; {datasource.organisationTitle} {dataset.copyrightYear}"},"referenceSystemIdentifier":"EPSG:4283","geoLevel":"sd","key":"area_code","keyRegex":null,"availability":"true","geomField":"wkb_geometry","keyword":"education, secondary school, higher education, vocational education and training, vet, school leavers, population","theme":null,"temporalExtent":{"beginDate":"2011-06-30T00:00:00","endDate":"2013-03-31T00:00:00","selectTime":false},"type":"dataset","_id":"dataset-TUA_PHIDU-sd_education-sd","bbox":null,"abstract":"Full time participation in secondary school at age 16 (2011), school leaver participation in higher education (2013) and participation in vocational education training (2012) by SD","selectedAttributes":[{"name":"area_code","type":"java.lang.Integer","title":"Statistical Division Code","description":"Statistical Division code","stype":"nominal","isDimension":false},{"name":"area_name","type":"java.lang.String","title":"Statistical Division Name","description":"Statistical Division name","stype":"nominal","isDimension":false},{"name":"vet_partn_1_no_6_12_6_12","type":"java.lang.Double","title":"Participation in Vocational Education and Training - Count","description":"Participation in vocational education and training. Source: Compiled by PHIDU using data from the National Centre for Vocational Education Research Ltd. (2012), and ABS Estimated Resident Population (2012).","stype":"ratio","isDimension":false},{"name":"vet_partn_2_rate_6_12_6_12","type":"java.lang.Double","title":"Participation in Vocational Education and Training - Rate per 100","description":"Participation in vocational education and training as a rate per 100 people. Source: Compiled by PHIDU using data from the National Centre for Vocational Education Research Ltd. (2012), and ABS Estimated Resident Population (2012).","stype":"ratio","isDimension":false},{"name":"vet_partn_3_sig_6_12_6_12","type":"java.lang.Double","title":"Participation in Vocational Education and Training - Statistical Significance","description":"The statistical significance categories are: 1 = statistically significantly different from the Australian rate at the 95% confidence level, 2 = statistically significantly different from the Australian rate at the 99% confidence level, 3 = not statistically significant from the Australian rate. Source: Compiled by PHIDU using data from the National Centre for Vocational Education Research Ltd. (2012), and ABS Estimated Resident Population (2012).","stype":"nominal","isDimension":false},{"name":"scl_he_12_1_no_3_13_3_13","type":"java.lang.Double","title":"School Leaver Participation in Higher Education - Count","description":"School leaver participation in higher education. Source: Compiled by PHIDU using data from Universities Admissions Centre (NSW & ACT), Victorian Tertiary Admissions Centre, South Australian Tertiary Admission Centre (SA and NT), Tertiary Institutions Service Centre (WA), and the University of Tasmania (2013), and ABS Estimated Resident Population, 2012.","stype":"ratio","isDimension":false},{"name":"scl_he_12_2_denom_3_13_3_13","type":"java.lang.Double","title":"Persons Aged 17 Years at June 30 2012","description":"Persons aged 17 years at June 30, 2012. Source: ABS ERP 2012.","stype":"ratio","isDimension":false},{"name":"scl_he_12_3_percent_3_13_3_13","type":"java.lang.Double","title":"School Leaver Participation in Higher Education - Percent","description":"School leaver participation in higher education in 2013 as a percentage of the number of 17 year olds at June 30, 2012. Source: Compiled by PHIDU using data from Universities Admissions Centre (NSW & ACT), Victorian Tertiary Admissions Centre, South Australian Tertiary Admission Centre (SA and NT), Tertiary Institutions Service Centre (WA), and the University of Tasmania (2013), and ABS Estimated Resident Population, 2012.","stype":"ratio","isDimension":false},{"name":"educatn_16_1_no_6_11_6_11","type":"java.lang.Double","title":"Full-Time Participation in Secondary School Education at Age 16 - Count","description":"Full-time participation in secondary school education at age 16. Source: ABS Census 2011","stype":"ratio","isDimension":false},{"name":"educatn_16_2_denom_6_11_6_11","type":"java.lang.Double","title":"People Aged 16","description":"People aged 16 years. Source: ABS Census 2011","stype":"ratio","isDimension":false},{"name":"educatn_16_3_percent_6_11_6_11","type":"java.lang.Double","title":"Full-Time Participation in Secondary School Education at Age 16 - Percent","description":"Full-time participation in secondary school education at age 16 as a percentage of 16 year olds. Source: ABS Census 2011.","stype":"ratio","isDimension":false}],"filter":{"filterType":"tabular","feature":{"key":"area_code","geoLevel":"sd","geoField":"ignored","year":"2006","featureBbox":[140.961681984,-39.159189527500004,149.976679008,-33.9806475865],"featureType":"ste","featureInstance":"2","featureName":"Victoria","referenceSystemIdentifier":"EPSG:4283","prefix":"","keyTransform":null},"states":["2"]}}