{"organisation":"AU_Govt_ABS","name":"b43b_aust_sa4","title":"SA4-based B43B Industry of Employment by Age by Sex as at 2011-08-11","legal":{"copyrightYear":"2011","attributionYear":"2011","attribution":"{datasource.organisationTitle}, ({dataset.attributionYear}): {dataset.title}; accessed from AURIN Portal on {dateOfAccess}.","clickthrough":false,"licenceType":"Creative Commons Attribution 2.5 Australia (CC BY 2.5 AU)","copyrightNotice":"&copy; Commonwealth of Australia (Australian Bureau of Statistics) {dataset.copyrightYear}"},"referenceSystemIdentifier":"urn:x-ogc:def:crs:EPSG:4283","geoLevel":"sa4","key":"SA4_MAIN11","keyRegex":null,"availability":"true","geomField":"wkb_geometry","keyword":"census","theme":null,"temporalExtent":{"beginDate":"2011-01-01T00:00:00","endDate":"2011-12-31T00:00:00","selectTime":false},"type":"dataset","_id":"dataset-AU_Govt_ABS-b43b_aust_sa4-sa4","bbox":null,"abstract":"SA4 based data for Industry of Employment by Age by Sex, for 2011 Census. Count of employed persons aged 15 years and over on Census night based on place of usual residence. Data sourced from: <a href='http://www.abs.gov.au/census' target=\"_blank\">http://www.abs.gov.au/census</a>. For further information about these and related statistics, contact the National Information and Referral Services on 1300 135 070. Periodicity: 5-Yearly.","selectedAttributes":[{"name":"SA4_MAIN11","type":"java.lang.String","title":"SA4 Code","description":"Statistical Area Level 4 (SA4) Code.","stype":"nominal","isDimension":false},{"name":"SA4_NAME11","type":"java.lang.String","title":"SA4 Name","description":"Statistical Area Level 4 (SA4) Name.","stype":"nominal","isDimension":false},{"name":"M_Tot_15_19","type":"java.lang.Integer","title":"Males Total Age 15 - 19 years","description":"Males Total Age 15 - 19 years.","stype":"ratio","isDimension":false},{"name":"M_Tot_20_24","type":"java.lang.Integer","title":"Males Total Age 20 - 24 years","description":"Males Total Age 20 - 24 years.","stype":"ratio","isDimension":false},{"name":"M_Tot_25_34","type":"java.lang.Integer","title":"Males Total Age 25 - 34 years","description":"Males Total Age 25 - 34 years.","stype":"ratio","isDimension":false},{"name":"M_Tot_35_44","type":"java.lang.Integer","title":"Males Total Age 35 - 44 years","description":"Males Total Age 35 - 44 years.","stype":"ratio","isDimension":false},{"name":"M_Tot_45_54","type":"java.lang.Integer","title":"Males Total Age 45 - 54 years","description":"Males Total Age 45 - 54 years.","stype":"ratio","isDimension":false},{"name":"M_Tot_55_64","type":"java.lang.Integer","title":"Males Total Age 55 - 64 years","description":"Males Total Age 55 - 64 years.","stype":"ratio","isDimension":false},{"name":"M_Tot_65_74","type":"java.lang.Integer","title":"Males Total Age 65 - 74 years","description":"Males Total Age 65 - 74 years.","stype":"ratio","isDimension":false},{"name":"M_Tot_75_84","type":"java.lang.Integer","title":"Males Total Age 75 84 years","description":"Males Total Age 75 84 years.","stype":"ratio","isDimension":false},{"name":"M_Tot_85ov","type":"java.lang.Integer","title":"Males Total Age 85 years and over","description":"Males Total Age 85 years and over.","stype":"ratio","isDimension":false},{"name":"M_Tot_Tot","type":"java.lang.Integer","title":"Males Total Total","description":"Males Total Total.","stype":"ratio","isDimension":false},{"name":"F_Ag_For_Fshg_15_19","type":"java.lang.Integer","title":"Females Agriculture forestry and fishing Age 15 - 19 years","description":"Females Agriculture forestry and fishing Age 15 - 19 years.","stype":"ratio","isDimension":false},{"name":"F_Ag_For_Fshg_20_24","type":"java.lang.Integer","title":"Females Agriculture forestry and fishing Age 20 - 24 years","description":"Females Agriculture forestry and fishing Age 20 - 24 years.","stype":"ratio","isDimension":false},{"name":"F_Ag_For_Fshg_25_34","type":"java.lang.Integer","title":"Females Agriculture forestry and fishing Age 25 - 34 years","description":"Females Agriculture forestry and fishing Age 25 - 34 years.","stype":"ratio","isDimension":false},{"name":"F_Ag_For_Fshg_35_44","type":"java.lang.Integer","title":"Females Agriculture forestry and fishing Age 35 - 44 years","description":"Females Agriculture forestry and fishing Age 35 - 44 years.","stype":"ratio","isDimension":false},{"name":"F_Ag_For_Fshg_45_54","type":"java.lang.Integer","title":"Females Agriculture forestry and fishing Age 45 - 54 years","description":"Females Agriculture forestry and fishing Age 45 - 54 years.","stype":"ratio","isDimension":false},{"name":"F_Ag_For_Fshg_55_64","type":"java.lang.Integer","title":"Females Agriculture forestry and fishing Age 55 - 64 years","description":"Females Agriculture forestry and fishing Age 55 - 64 years.","stype":"ratio","isDimension":false},{"name":"F_Ag_For_Fshg_65_74","type":"java.lang.Integer","title":"Females Agriculture forestry and fishing Age 65 - 74 years","description":"Females Agriculture forestry and fishing Age 65 - 74 years.","stype":"ratio","isDimension":false},{"name":"F_Ag_For_Fshg_75_84","type":"java.lang.Integer","title":"Females Agriculture forestry and fishing Age 75 84 years","description":"Females Agriculture forestry and fishing Age 75 84 years.","stype":"ratio","isDimension":false},{"name":"F_Ag_For_Fshg_85ov","type":"java.lang.Integer","title":"Females Agriculture forestry and fishing Age 85 years and over","description":"Females Agriculture forestry and fishing Age 85 years and over.","stype":"ratio","isDimension":false},{"name":"F_Ag_For_Fshg_Tot","type":"java.lang.Integer","title":"Females Agriculture forestry and fishing Total","description":"Females Agriculture forestry and fishing Total.","stype":"ratio","isDimension":false},{"name":"F_Mining_15_19","type":"java.lang.Integer","title":"Females Mining Age 15 - 19 years","description":"Females Mining Age 15 - 19 years.","stype":"ratio","isDimension":false},{"name":"F_Mining_20_24","type":"java.lang.Integer","title":"Females Mining Age 20 - 24 years","description":"Females Mining Age 20 - 24 years.","stype":"ratio","isDimension":false},{"name":"F_Mining_25_34","type":"java.lang.Integer","title":"Females Mining Age 25 - 34 years","description":"Females Mining Age 25 - 34 years.","stype":"ratio","isDimension":false},{"name":"F_Mining_35_44","type":"java.lang.Integer","title":"Females Mining Age 35 - 44 years","description":"Females Mining Age 35 - 44 years.","stype":"ratio","isDimension":false},{"name":"F_Mining_45_54","type":"java.lang.Integer","title":"Females Mining Age 45 - 54 years","description":"Females Mining Age 45 - 54 years.","stype":"ratio","isDimension":false},{"name":"F_Mining_55_64","type":"java.lang.Integer","title":"Females Mining Age 55 - 64 years","description":"Females Mining Age 55 - 64 years.","stype":"ratio","isDimension":false},{"name":"F_Mining_65_74","type":"java.lang.Integer","title":"Females Mining Age 65 - 74 years","description":"Females Mining Age 65 - 74 years.","stype":"ratio","isDimension":false},{"name":"F_Mining_75_84","type":"java.lang.Integer","title":"Females Mining Age 75 84 years","description":"Females Mining Age 75 84 years.","stype":"ratio","isDimension":false},{"name":"F_Mining_85ov","type":"java.lang.Integer","title":"Females Mining Age 85 years and over","description":"Females Mining Age 85 years and over.","stype":"ratio","isDimension":false},{"name":"F_Mining_Tot","type":"java.lang.Integer","title":"Females Mining Total","description":"Females Mining Total.","stype":"ratio","isDimension":false},{"name":"F_Manufact_15_19","type":"java.lang.Integer","title":"Females Manufacturing Age 15 - 19 years","description":"Females Manufacturing Age 15 - 19 years.","stype":"ratio","isDimension":false},{"name":"F_Manufact_20_24","type":"java.lang.Integer","title":"Females Manufacturing Age 20 - 24 years","description":"Females Manufacturing Age 20 - 24 years.","stype":"ratio","isDimension":false},{"name":"F_Manufact_25_34","type":"java.lang.Integer","title":"Females Manufacturing Age 25 - 34 years","description":"Females Manufacturing Age 25 - 34 years.","stype":"ratio","isDimension":false},{"name":"F_Manufact_35_44","type":"java.lang.Integer","title":"Females Manufacturing Age 35 - 44 years","description":"Females Manufacturing Age 35 - 44 years.","stype":"ratio","isDimension":false},{"name":"F_Manufact_45_54","type":"java.lang.Integer","title":"Females Manufacturing Age 45 - 54 years","description":"Females Manufacturing Age 45 - 54 years.","stype":"ratio","isDimension":false},{"name":"F_Manufact_55_64","type":"java.lang.Integer","title":"Females Manufacturing Age 55 - 64 years","description":"Females Manufacturing Age 55 - 64 years.","stype":"ratio","isDimension":false},{"name":"F_Manufact_65_74","type":"java.lang.Integer","title":"Females Manufacturing Age 65 - 74 years","description":"Females Manufacturing Age 65 - 74 years.","stype":"ratio","isDimension":false},{"name":"F_Manufact_75_84","type":"java.lang.Integer","title":"Females Manufacturing Age 75 84 years","description":"Females Manufacturing Age 75 84 years.","stype":"ratio","isDimension":false},{"name":"F_Manufact_85ov","type":"java.lang.Integer","title":"Females Manufacturing Age 85 years and over","description":"Females Manufacturing Age 85 years and over.","stype":"ratio","isDimension":false},{"name":"F_Manufact_Tot","type":"java.lang.Integer","title":"Females Manufacturing Total","description":"Females Manufacturing Total.","stype":"ratio","isDimension":false},{"name":"F_El_Gas_Wt_Waste_15_19","type":"java.lang.Integer","title":"Females Electricity gas water and waste services Age 15 - 19 years","description":"Females Electricity gas water and waste services Age 15 - 19 years.","stype":"ratio","isDimension":false},{"name":"F_El_Gas_Wt_Waste_20_24","type":"java.lang.Integer","title":"Females Electricity gas water and waste services Age 20 - 24 years","description":"Females Electricity gas water and waste services Age 20 - 24 years.","stype":"ratio","isDimension":false},{"name":"F_El_Gas_Wt_Waste_25_34","type":"java.lang.Integer","title":"Females Electricity gas water and waste services Age 25 - 34 years","description":"Females Electricity gas water and waste services Age 25 - 34 years.","stype":"ratio","isDimension":false},{"name":"F_El_Gas_Wt_Waste_35_44","type":"java.lang.Integer","title":"Females Electricity gas water and waste services Age 35 - 44 years","description":"Females Electricity gas water and waste services Age 35 - 44 years.","stype":"ratio","isDimension":false},{"name":"F_El_Gas_Wt_Waste_45_54","type":"java.lang.Integer","title":"Females Electricity gas water and waste services Age 45 - 54 years","description":"Females Electricity gas water and waste services Age 45 - 54 years.","stype":"ratio","isDimension":false},{"name":"F_El_Gas_Wt_Waste_55_64","type":"java.lang.Integer","title":"Females Electricity gas water and waste services Age 55 - 64 years","description":"Females Electricity gas water and waste services Age 55 - 64 years.","stype":"ratio","isDimension":false},{"name":"F_El_Gas_Wt_Waste_65_74","type":"java.lang.Integer","title":"Females Electricity gas water and waste services Age 65 - 74 years","description":"Females Electricity gas water and waste services Age 65 - 74 years.","stype":"ratio","isDimension":false},{"name":"F_El_Gas_Wt_Waste_75_84","type":"java.lang.Integer","title":"Females Electricity gas water and waste services Age 75 84 years","description":"Females Electricity gas water and waste services Age 75 84 years.","stype":"ratio","isDimension":false},{"name":"F_El_Gas_Wt_Waste_85ov","type":"java.lang.Integer","title":"Females Electricity gas water and waste services Age 85 years and over","description":"Females Electricity gas water and waste services Age 85 years and over.","stype":"ratio","isDimension":false},{"name":"F_El_Gas_Wt_Waste_Tot","type":"java.lang.Integer","title":"Females Electricity gas water and waste services Total","description":"Females Electricity gas water and waste services Total.","stype":"ratio","isDimension":false},{"name":"F_Constru_15_19","type":"java.lang.Integer","title":"Females Construction Age 15 - 19 years","description":"Females Construction Age 15 - 19 years.","stype":"ratio","isDimension":false},{"name":"F_Constru_20_24","type":"java.lang.Integer","title":"Females Construction Age 20 - 24 years","description":"Females Construction Age 20 - 24 years.","stype":"ratio","isDimension":false},{"name":"F_Constru_25_34","type":"java.lang.Integer","title":"Females Construction Age 25 - 34 years","description":"Females Construction Age 25 - 34 years.","stype":"ratio","isDimension":false},{"name":"F_Constru_35_44","type":"java.lang.Integer","title":"Females Construction Age 35 - 44 years","description":"Females Construction Age 35 - 44 years.","stype":"ratio","isDimension":false},{"name":"F_Constru_45_54","type":"java.lang.Integer","title":"Females Construction Age 45 - 54 years","description":"Females Construction Age 45 - 54 years.","stype":"ratio","isDimension":false},{"name":"F_Constru_55_64","type":"java.lang.Integer","title":"Females Construction Age 55 - 64 years","description":"Females Construction Age 55 - 64 years.","stype":"ratio","isDimension":false},{"name":"F_Constru_65_74","type":"java.lang.Integer","title":"Females Construction Age 65 - 74 years","description":"Females Construction Age 65 - 74 years.","stype":"ratio","isDimension":false},{"name":"F_Constru_75_84","type":"java.lang.Integer","title":"Females Construction Age 75 84 years","description":"Females Construction Age 75 84 years.","stype":"ratio","isDimension":false},{"name":"F_Constru_85ov","type":"java.lang.Integer","title":"Females Construction Age 85 years and over","description":"Females Construction Age 85 years and over.","stype":"ratio","isDimension":false},{"name":"F_Constru_Tot","type":"java.lang.Integer","title":"Females Construction Total","description":"Females Construction Total.","stype":"ratio","isDimension":false},{"name":"F_WhlesaleTde_15_19","type":"java.lang.Integer","title":"Females Wholesale trade Age 15 - 19 years","description":"Females Wholesale trade Age 15 - 19 years.","stype":"ratio","isDimension":false},{"name":"F_WhlesaleTde_20_24","type":"java.lang.Integer","title":"Females Wholesale trade Age 20 - 24 years","description":"Females Wholesale trade Age 20 - 24 years.","stype":"ratio","isDimension":false},{"name":"F_WhlesaleTde_25_34","type":"java.lang.Integer","title":"Females Wholesale trade Age 25 - 34 years","description":"Females Wholesale trade Age 25 - 34 years.","stype":"ratio","isDimension":false},{"name":"F_WhlesaleTde_35_44","type":"java.lang.Integer","title":"Females Wholesale trade Age 35 - 44 years","description":"Females Wholesale trade Age 35 - 44 years.","stype":"ratio","isDimension":false},{"name":"F_WhlesaleTde_45_54","type":"java.lang.Integer","title":"Females Wholesale trade Age 45 - 54 years","description":"Females Wholesale trade Age 45 - 54 years.","stype":"ratio","isDimension":false},{"name":"F_WhlesaleTde_55_64","type":"java.lang.Integer","title":"Females Wholesale trade Age 55 - 64 years","description":"Females Wholesale trade Age 55 - 64 years.","stype":"ratio","isDimension":false},{"name":"F_WhlesaleTde_65_74","type":"java.lang.Integer","title":"Females Wholesale trade Age 65 - 74 years","description":"Females Wholesale trade Age 65 - 74 years.","stype":"ratio","isDimension":false},{"name":"F_WhlesaleTde_75_84","type":"java.lang.Integer","title":"Females Wholesale trade Age 75 84 years","description":"Females Wholesale trade Age 75 84 years.","stype":"ratio","isDimension":false},{"name":"F_WhlesaleTde_85ov","type":"java.lang.Integer","title":"Females Wholesale trade Age 85 years and over","description":"Females Wholesale trade Age 85 years and over.","stype":"ratio","isDimension":false},{"name":"F_WhlesaleTde_Tot","type":"java.lang.Integer","title":"Females Wholesale trade Total","description":"Females Wholesale trade Total.","stype":"ratio","isDimension":false},{"name":"F_RetTde_15_19","type":"java.lang.Integer","title":"Females Retail trade Age 15 - 19 years","description":"Females Retail trade Age 15 - 19 years.","stype":"ratio","isDimension":false},{"name":"F_RetTde_20_24","type":"java.lang.Integer","title":"Females Retail trade Age 20 - 24 years","description":"Females Retail trade Age 20 - 24 years.","stype":"ratio","isDimension":false},{"name":"F_RetTde_25_34","type":"java.lang.Integer","title":"Females Retail trade Age 25 - 34 years","description":"Females Retail trade Age 25 - 34 years.","stype":"ratio","isDimension":false},{"name":"F_RetTde_35_44","type":"java.lang.Integer","title":"Females Retail trade Age 35 - 44 years","description":"Females Retail trade Age 35 - 44 years.","stype":"ratio","isDimension":false},{"name":"F_RetTde_45_54","type":"java.lang.Integer","title":"Females Retail trade Age 45 - 54 years","description":"Females Retail trade Age 45 - 54 years.","stype":"ratio","isDimension":false},{"name":"F_RetTde_55_64","type":"java.lang.Integer","title":"Females Retail trade Age 55 - 64 years","description":"Females Retail trade Age 55 - 64 years.","stype":"ratio","isDimension":false},{"name":"F_RetTde_65_74","type":"java.lang.Integer","title":"Females Retail trade Age 65 - 74 years","description":"Females Retail trade Age 65 - 74 years.","stype":"ratio","isDimension":false},{"name":"F_RetTde_75_84","type":"java.lang.Integer","title":"Females Retail trade Age 75 84 years","description":"Females Retail trade Age 75 84 years.","stype":"ratio","isDimension":false},{"name":"F_RetTde_85ov","type":"java.lang.Integer","title":"Females Retail trade Age 85 years and over","description":"Females Retail trade Age 85 years and over.","stype":"ratio","isDimension":false},{"name":"F_RetTde_Tot","type":"java.lang.Integer","title":"Females Retail trade Total","description":"Females Retail trade Total.","stype":"ratio","isDimension":false},{"name":"F_Accom_food_15_19","type":"java.lang.Integer","title":"Females Accommodation and food services Age 15 - 19 years","description":"Females Accommodation and food services Age 15 - 19 years.","stype":"ratio","isDimension":false},{"name":"F_Accom_food_20_24","type":"java.lang.Integer","title":"Females Accommodation and food services Age 20 - 24 years","description":"Females Accommodation and food services Age 20 - 24 years.","stype":"ratio","isDimension":false},{"name":"F_Accom_food_25_34","type":"java.lang.Integer","title":"Females Accommodation and food services Age 25 - 34 years","description":"Females Accommodation and food services Age 25 - 34 years.","stype":"ratio","isDimension":false},{"name":"F_Accom_food_35_44","type":"java.lang.Integer","title":"Females Accommodation and food services Age 35 - 44 years","description":"Females Accommodation and food services Age 35 - 44 years.","stype":"ratio","isDimension":false},{"name":"F_Accom_food_45_54","type":"java.lang.Integer","title":"Females Accommodation and food services Age 45 - 54 years","description":"Females Accommodation and food services Age 45 - 54 years.","stype":"ratio","isDimension":false},{"name":"F_Accom_food_55_64","type":"java.lang.Integer","title":"Females Accommodation and food services Age 55 - 64 years","description":"Females Accommodation and food services Age 55 - 64 years.","stype":"ratio","isDimension":false},{"name":"F_Accom_food_65_74","type":"java.lang.Integer","title":"Females Accommodation and food services Age 65 - 74 years","description":"Females Accommodation and food services Age 65 - 74 years.","stype":"ratio","isDimension":false},{"name":"F_Accom_food_75_84","type":"java.lang.Integer","title":"Females Accommodation and food services Age 75 84 years","description":"Females Accommodation and food services Age 75 84 years.","stype":"ratio","isDimension":false},{"name":"F_Accom_food_85ov","type":"java.lang.Integer","title":"Females Accommodation and food services Age 85 years and over","description":"Females Accommodation and food services Age 85 years and over.","stype":"ratio","isDimension":false},{"name":"F_Accom_food_Tot","type":"java.lang.Integer","title":"Females Accommodation and food services Total","description":"Females Accommodation and food services Total.","stype":"ratio","isDimension":false},{"name":"F_Trans_post_wrehsg_15_19","type":"java.lang.Integer","title":"Females Transport postal and warehousing Age 15 - 19 years","description":"Females Transport postal and warehousing Age 15 - 19 years.","stype":"ratio","isDimension":false},{"name":"F_Trans_post_wrehsg_20_24","type":"java.lang.Integer","title":"Females Transport postal and warehousing Age 20 - 24 years","description":"Females Transport postal and warehousing Age 20 - 24 years.","stype":"ratio","isDimension":false},{"name":"F_Trans_post_wrehsg_25_34","type":"java.lang.Integer","title":"Females Transport postal and warehousing Age 25 - 34 years","description":"Females Transport postal and warehousing Age 25 - 34 years.","stype":"ratio","isDimension":false},{"name":"F_Trans_post_wrehsg_35_44","type":"java.lang.Integer","title":"Females Transport postal and warehousing Age 35 - 44 years","description":"Females Transport postal and warehousing Age 35 - 44 years.","stype":"ratio","isDimension":false},{"name":"F_Trans_post_wrehsg_45_54","type":"java.lang.Integer","title":"Females Transport postal and warehousing Age 45 - 54 years","description":"Females Transport postal and warehousing Age 45 - 54 years.","stype":"ratio","isDimension":false},{"name":"F_Trans_post_wrehsg_55_64","type":"java.lang.Integer","title":"Females Transport postal and warehousing Age 55 - 64 years","description":"Females Transport postal and warehousing Age 55 - 64 years.","stype":"ratio","isDimension":false},{"name":"F_Trans_post_wrehsg_65_74","type":"java.lang.Integer","title":"Females Transport postal and warehousing Age 65 - 74 years","description":"Females Transport postal and warehousing Age 65 - 74 years.","stype":"ratio","isDimension":false},{"name":"F_Trans_post_wrehsg_75_84","type":"java.lang.Integer","title":"Females Transport postal and warehousing Age 75 84 years","description":"Females Transport postal and warehousing Age 75 84 years.","stype":"ratio","isDimension":false},{"name":"F_Trans_post_wrehsg_85ov","type":"java.lang.Integer","title":"Females Transport postal and warehousing Age 85 years and over","description":"Females Transport postal and warehousing Age 85 years and over.","stype":"ratio","isDimension":false},{"name":"F_Trans_post_wrehsg_Tot","type":"java.lang.Integer","title":"Females Transport postal and warehousing Total","description":"Females Transport postal and warehousing Total.","stype":"ratio","isDimension":false},{"name":"F_Info_media_teleco_15_19","type":"java.lang.Integer","title":"Females Information media and telecommunications Age 15 - 19 years","description":"Females Information media and telecommunications Age 15 - 19 years.","stype":"ratio","isDimension":false},{"name":"F_Info_media_teleco_20_24","type":"java.lang.Integer","title":"Females Information media and telecommunications Age 20 - 24 years","description":"Females Information media and telecommunications Age 20 - 24 years.","stype":"ratio","isDimension":false},{"name":"F_Info_media_teleco_25_34","type":"java.lang.Integer","title":"Females Information media and telecommunications Age 25 - 34 years","description":"Females Information media and telecommunications Age 25 - 34 years.","stype":"ratio","isDimension":false},{"name":"F_Info_media_teleco_35_44","type":"java.lang.Integer","title":"Females Information media and telecommunications Age 35 - 44 years","description":"Females Information media and telecommunications Age 35 - 44 years.","stype":"ratio","isDimension":false},{"name":"F_Info_media_teleco_45_54","type":"java.lang.Integer","title":"Females Information media and telecommunications Age 45 - 54 years","description":"Females Information media and telecommunications Age 45 - 54 years.","stype":"ratio","isDimension":false},{"name":"F_Info_media_teleco_55_64","type":"java.lang.Integer","title":"Females Information media and telecommunications Age 55 - 64 years","description":"Females Information media and telecommunications Age 55 - 64 years.","stype":"ratio","isDimension":false},{"name":"F_Info_media_teleco_65_74","type":"java.lang.Integer","title":"Females Information media and telecommunications Age 65 - 74 years","description":"Females Information media and telecommunications Age 65 - 74 years.","stype":"ratio","isDimension":false},{"name":"F_Info_media_teleco_75_84","type":"java.lang.Integer","title":"Females Information media and telecommunications Age 75 84 years","description":"Females Information media and telecommunications Age 75 84 years.","stype":"ratio","isDimension":false},{"name":"F_Info_media_teleco_85ov","type":"java.lang.Integer","title":"Females Information media and telecommunications Age 85 years and over","description":"Females Information media and telecommunications Age 85 years and over.","stype":"ratio","isDimension":false},{"name":"F_Info_media_teleco_Tot","type":"java.lang.Integer","title":"Females Information media and telecommunications Total","description":"Females Information media and telecommunications Total.","stype":"ratio","isDimension":false},{"name":"F_Fin_Insur_15_19","type":"java.lang.Integer","title":"Females Financial and insurance services Age 15 - 19 years","description":"Females Financial and insurance services Age 15 - 19 years.","stype":"ratio","isDimension":false},{"name":"F_Fin_Insur_20_24","type":"java.lang.Integer","title":"Females Financial and insurance services Age 20 - 24 years","description":"Females Financial and insurance services Age 20 - 24 years.","stype":"ratio","isDimension":false},{"name":"F_Fin_Insur_25_34","type":"java.lang.Integer","title":"Females Financial and insurance services Age 25 - 34 years","description":"Females Financial and insurance services Age 25 - 34 years.","stype":"ratio","isDimension":false},{"name":"F_Fin_Insur_35_44","type":"java.lang.Integer","title":"Females Financial and insurance services Age 35 - 44 years","description":"Females Financial and insurance services Age 35 - 44 years.","stype":"ratio","isDimension":false},{"name":"F_Fin_Insur_45_54","type":"java.lang.Integer","title":"Females Financial and insurance services Age 45 - 54 years","description":"Females Financial and insurance services Age 45 - 54 years.","stype":"ratio","isDimension":false},{"name":"F_Fin_Insur_55_64","type":"java.lang.Integer","title":"Females Financial and insurance services Age 55 - 64 years","description":"Females Financial and insurance services Age 55 - 64 years.","stype":"ratio","isDimension":false},{"name":"F_Fin_Insur_65_74","type":"java.lang.Integer","title":"Females Financial and insurance services Age 65 - 74 years","description":"Females Financial and insurance services Age 65 - 74 years.","stype":"ratio","isDimension":false},{"name":"F_Fin_Insur_75_84","type":"java.lang.Integer","title":"Females Financial and insurance services Age 75 84 years","description":"Females Financial and insurance services Age 75 84 years.","stype":"ratio","isDimension":false},{"name":"F_Fin_Insur_85ov","type":"java.lang.Integer","title":"Females Financial and insurance services Age 85 years and over","description":"Females Financial and insurance services Age 85 years and over.","stype":"ratio","isDimension":false},{"name":"F_Fin_Insur_Tot","type":"java.lang.Integer","title":"Females Financial and insurance services Total","description":"Females Financial and insurance services Total.","stype":"ratio","isDimension":false},{"name":"F_RtnHir_REst_15_19","type":"java.lang.Integer","title":"Females Rental hiring and real estate services Age 15 - 19 years","description":"Females Rental hiring and real estate services Age 15 - 19 years.","stype":"ratio","isDimension":false},{"name":"F_RtnHir_REst_20_24","type":"java.lang.Integer","title":"Females Rental hiring and real estate services Age 20 - 24 years","description":"Females Rental hiring and real estate services Age 20 - 24 years.","stype":"ratio","isDimension":false},{"name":"F_RtnHir_REst_25_34","type":"java.lang.Integer","title":"Females Rental hiring and real estate services Age 25 - 34 years","description":"Females Rental hiring and real estate services Age 25 - 34 years.","stype":"ratio","isDimension":false},{"name":"F_RtnHir_REst_35_44","type":"java.lang.Integer","title":"Females Rental hiring and real estate services Age 35 - 44 years","description":"Females Rental hiring and real estate services Age 35 - 44 years.","stype":"ratio","isDimension":false},{"name":"F_RtnHir_REst_45_54","type":"java.lang.Integer","title":"Females Rental hiring and real estate services Age 45 - 54 years","description":"Females Rental hiring and real estate services Age 45 - 54 years.","stype":"ratio","isDimension":false},{"name":"F_RtnHir_REst_55_64","type":"java.lang.Integer","title":"Females Rental hiring and real estate services Age 55 - 64 years","description":"Females Rental hiring and real estate services Age 55 - 64 years.","stype":"ratio","isDimension":false},{"name":"F_RtnHir_REst_65_74","type":"java.lang.Integer","title":"Females Rental hiring and real estate services Age 65 - 74 years","description":"Females Rental hiring and real estate services Age 65 - 74 years.","stype":"ratio","isDimension":false},{"name":"F_RtnHir_REst_75_84","type":"java.lang.Integer","title":"Females Rental hiring and real estate services Age 75 84 years","description":"Females Rental hiring and real estate services Age 75 84 years.","stype":"ratio","isDimension":false},{"name":"F_RtnHir_REst_85ov","type":"java.lang.Integer","title":"Females Rental hiring and real estate services Age 85 years and over","description":"Females Rental hiring and real estate services Age 85 years and over.","stype":"ratio","isDimension":false},{"name":"F_RtnHir_REst_Tot","type":"java.lang.Integer","title":"Females Rental hiring and real estate services Total","description":"Females Rental hiring and real estate services Total.","stype":"ratio","isDimension":false},{"name":"F_Pro_scien_tec_15_19","type":"java.lang.Integer","title":"Females Professional scientific and technical services Age 15 - 19 years","description":"Females Professional scientific and technical services Age 15 - 19 years.","stype":"ratio","isDimension":false},{"name":"F_Pro_scien_tec_20_24","type":"java.lang.Integer","title":"Females Professional scientific and technical services Age 20 - 24 years","description":"Females Professional scientific and technical services Age 20 - 24 years.","stype":"ratio","isDimension":false},{"name":"F_Pro_scien_tec_25_34","type":"java.lang.Integer","title":"Females Professional scientific and technical services Age 25 - 34 years","description":"Females Professional scientific and technical services Age 25 - 34 years.","stype":"ratio","isDimension":false},{"name":"F_Pro_scien_tec_35_44","type":"java.lang.Integer","title":"Females Professional scientific and technical services Age 35 - 44 years","description":"Females Professional scientific and technical services Age 35 - 44 years.","stype":"ratio","isDimension":false},{"name":"F_Pro_scien_tec_45_54","type":"java.lang.Integer","title":"Females Professional scientific and technical services Age 45 - 54 years","description":"Females Professional scientific and technical services Age 45 - 54 years.","stype":"ratio","isDimension":false},{"name":"F_Pro_scien_tec_55_64","type":"java.lang.Integer","title":"Females Professional scientific and technical services Age 55 - 64 years","description":"Females Professional scientific and technical services Age 55 - 64 years.","stype":"ratio","isDimension":false},{"name":"F_Pro_scien_tec_65_74","type":"java.lang.Integer","title":"Females Professional scientific and technical services Age 65 - 74 years","description":"Females Professional scientific and technical services Age 65 - 74 years.","stype":"ratio","isDimension":false},{"name":"F_Pro_scien_tec_75_84","type":"java.lang.Integer","title":"Females Professional scientific and technical services Age 75 84 years","description":"Females Professional scientific and technical services Age 75 84 years.","stype":"ratio","isDimension":false},{"name":"F_Pro_scien_tec_85ov","type":"java.lang.Integer","title":"Females Professional scientific and technical services Age 85 years and over","description":"Females Professional scientific and technical services Age 85 years and over.","stype":"ratio","isDimension":false},{"name":"F_Pro_scien_tec_Tot","type":"java.lang.Integer","title":"Females Professional scientific and technical services Total","description":"Females Professional scientific and technical services Total.","stype":"ratio","isDimension":false},{"name":"F_Admin_supp_15_19","type":"java.lang.Integer","title":"Females Administrative and support services Age 15 - 19 years","description":"Females Administrative and support services Age 15 - 19 years.","stype":"ratio","isDimension":false},{"name":"F_Admin_supp_20_24","type":"java.lang.Integer","title":"Females Administrative and support services Age 20 - 24 years","description":"Females Administrative and support services Age 20 - 24 years.","stype":"ratio","isDimension":false},{"name":"F_Admin_supp_25_34","type":"java.lang.Integer","title":"Females Administrative and support services Age 25 - 34 years","description":"Females Administrative and support services Age 25 - 34 years.","stype":"ratio","isDimension":false},{"name":"F_Admin_supp_35_44","type":"java.lang.Integer","title":"Females Administrative and support services Age 35 - 44 years","description":"Females Administrative and support services Age 35 - 44 years.","stype":"ratio","isDimension":false},{"name":"F_Admin_supp_45_54","type":"java.lang.Integer","title":"Females Administrative and support services Age 45 - 54 years","description":"Females Administrative and support services Age 45 - 54 years.","stype":"ratio","isDimension":false},{"name":"F_Admin_supp_55_64","type":"java.lang.Integer","title":"Females Administrative and support services Age 55 - 64 years","description":"Females Administrative and support services Age 55 - 64 years.","stype":"ratio","isDimension":false},{"name":"F_Admin_supp_65_74","type":"java.lang.Integer","title":"Females Administrative and support services Age 65 - 74 years","description":"Females Administrative and support services Age 65 - 74 years.","stype":"ratio","isDimension":false},{"name":"F_Admin_supp_75_84","type":"java.lang.Integer","title":"Females Administrative and support services Age 75 84 years","description":"Females Administrative and support services Age 75 84 years.","stype":"ratio","isDimension":false},{"name":"F_Admin_supp_85ov","type":"java.lang.Integer","title":"Females Administrative and support services Age 85 years and over","description":"Females Administrative and support services Age 85 years and over.","stype":"ratio","isDimension":false},{"name":"F_Admin_supp_Tot","type":"java.lang.Integer","title":"Females Administrative and support services Total","description":"Females Administrative and support services Total.","stype":"ratio","isDimension":false},{"name":"F_Public_admin_sfty_15_19","type":"java.lang.Integer","title":"Females Public administration and safety Age 15 - 19 years","description":"Females Public administration and safety Age 15 - 19 years.","stype":"ratio","isDimension":false},{"name":"F_Public_admin_sfty_20_24","type":"java.lang.Integer","title":"Females Public administration and safety Age 20 - 24 years","description":"Females Public administration and safety Age 20 - 24 years.","stype":"ratio","isDimension":false},{"name":"F_Public_admin_sfty_25_34","type":"java.lang.Integer","title":"Females Public administration and safety Age 25 - 34 years","description":"Females Public administration and safety Age 25 - 34 years.","stype":"ratio","isDimension":false},{"name":"F_Public_admin_sfty_35_44","type":"java.lang.Integer","title":"Females Public administration and safety Age 35 - 44 years","description":"Females Public administration and safety Age 35 - 44 years.","stype":"ratio","isDimension":false},{"name":"F_Public_admin_sfty_45_54","type":"java.lang.Integer","title":"Females Public administration and safety Age 45 - 54 years","description":"Females Public administration and safety Age 45 - 54 years.","stype":"ratio","isDimension":false},{"name":"F_Public_admin_sfty_55_64","type":"java.lang.Integer","title":"Females Public administration and safety Age 55 - 64 years","description":"Females Public administration and safety Age 55 - 64 years.","stype":"ratio","isDimension":false},{"name":"F_Public_admin_sfty_65_74","type":"java.lang.Integer","title":"Females Public administration and safety Age 65 - 74 years","description":"Females Public administration and safety Age 65 - 74 years.","stype":"ratio","isDimension":false},{"name":"F_Public_admin_sfty_75_84","type":"java.lang.Integer","title":"Females Public administration and safety Age 75 84 years","description":"Females Public administration and safety Age 75 84 years.","stype":"ratio","isDimension":false},{"name":"F_Public_admin_sfty_85ov","type":"java.lang.Integer","title":"Females Public administration and safety Age 85 years and over","description":"Females Public administration and safety Age 85 years and over.","stype":"ratio","isDimension":false},{"name":"F_Public_admin_sfty_Tot","type":"java.lang.Integer","title":"Females Public administration and safety Total","description":"Females Public administration and safety Total.","stype":"ratio","isDimension":false},{"name":"F_Educ_trng_15_19","type":"java.lang.Integer","title":"Females Education and training Age 15 - 19 years","description":"Females Education and training Age 15 - 19 years.","stype":"ratio","isDimension":false},{"name":"F_Educ_trng_20_24","type":"java.lang.Integer","title":"Females Education and training Age 20 - 24 years","description":"Females Education and training Age 20 - 24 years.","stype":"ratio","isDimension":false},{"name":"F_Educ_trng_25_34","type":"java.lang.Integer","title":"Females Education and training Age 25 - 34 years","description":"Females Education and training Age 25 - 34 years.","stype":"ratio","isDimension":false},{"name":"F_Educ_trng_35_44","type":"java.lang.Integer","title":"Females Education and training Age 35 - 44 years","description":"Females Education and training Age 35 - 44 years.","stype":"ratio","isDimension":false},{"name":"F_Educ_trng_45_54","type":"java.lang.Integer","title":"Females Education and training Age 45 - 54 years","description":"Females Education and training Age 45 - 54 years.","stype":"ratio","isDimension":false},{"name":"F_Educ_trng_55_64","type":"java.lang.Integer","title":"Females Education and training Age 55 - 64 years","description":"Females Education and training Age 55 - 64 years.","stype":"ratio","isDimension":false},{"name":"F_Educ_trng_65_74","type":"java.lang.Integer","title":"Females Education and training Age 65 - 74 years","description":"Females Education and training Age 65 - 74 years.","stype":"ratio","isDimension":false},{"name":"F_Educ_trng_75_84","type":"java.lang.Integer","title":"Females Education and training Age 75 84 years","description":"Females Education and training Age 75 84 years.","stype":"ratio","isDimension":false},{"name":"F_Educ_trng_85ov","type":"java.lang.Integer","title":"Females Education and training Age 85 years and over","description":"Females Education and training Age 85 years and over.","stype":"ratio","isDimension":false},{"name":"F_Educ_trng_Tot","type":"java.lang.Integer","title":"Females Education and training Total","description":"Females Education and training Total.","stype":"ratio","isDimension":false},{"name":"F_HlthCare_SocAs_15_19","type":"java.lang.Integer","title":"Females Health care and social assistance Age 15 - 19 years","description":"Females Health care and social assistance Age 15 - 19 years.","stype":"ratio","isDimension":false},{"name":"F_HlthCare_SocAs_20_24","type":"java.lang.Integer","title":"Females Health care and social assistance Age 20 - 24 years","description":"Females Health care and social assistance Age 20 - 24 years.","stype":"ratio","isDimension":false},{"name":"F_HlthCare_SocAs_25_34","type":"java.lang.Integer","title":"Females Health care and social assistance Age 25 - 34 years","description":"Females Health care and social assistance Age 25 - 34 years.","stype":"ratio","isDimension":false},{"name":"F_HlthCare_SocAs_35_44","type":"java.lang.Integer","title":"Females Health care and social assistance Age 35 - 44 years","description":"Females Health care and social assistance Age 35 - 44 years.","stype":"ratio","isDimension":false},{"name":"F_HlthCare_SocAs_45_54","type":"java.lang.Integer","title":"Females Health care and social assistance Age 45 - 54 years","description":"Females Health care and social assistance Age 45 - 54 years.","stype":"ratio","isDimension":false},{"name":"F_HlthCare_SocAs_55_64","type":"java.lang.Integer","title":"Females Health care and social assistance Age 55 - 64 years","description":"Females Health care and social assistance Age 55 - 64 years.","stype":"ratio","isDimension":false},{"name":"F_HlthCare_SocAs_65_74","type":"java.lang.Integer","title":"Females Health care and social assistance Age 65 - 74 years","description":"Females Health care and social assistance Age 65 - 74 years.","stype":"ratio","isDimension":false},{"name":"F_HlthCare_SocAs_75_84","type":"java.lang.Integer","title":"Females Health care and social assistance Age 75 84 years","description":"Females Health care and social assistance Age 75 84 years.","stype":"ratio","isDimension":false},{"name":"F_HlthCare_SocAs_85ov","type":"java.lang.Integer","title":"Females Health care and social assistance Age 85 years and over","description":"Females Health care and social assistance Age 85 years and over.","stype":"ratio","isDimension":false},{"name":"F_HlthCare_SocAs_Tot","type":"java.lang.Integer","title":"Females Health care and social assistance Total","description":"Females Health care and social assistance Total.","stype":"ratio","isDimension":false},{"name":"F_Art_recn_15_19","type":"java.lang.Integer","title":"Females Arts and recreation services Age 15 - 19 years","description":"Females Arts and recreation services Age 15 - 19 years.","stype":"ratio","isDimension":false},{"name":"F_Art_recn_20_24","type":"java.lang.Integer","title":"Females Arts and recreation services Age 20 - 24 years","description":"Females Arts and recreation services Age 20 - 24 years.","stype":"ratio","isDimension":false},{"name":"F_Art_recn_25_34","type":"java.lang.Integer","title":"Females Arts and recreation services Age 25 - 34 years","description":"Females Arts and recreation services Age 25 - 34 years.","stype":"ratio","isDimension":false},{"name":"F_Art_recn_35_44","type":"java.lang.Integer","title":"Females Arts and recreation services Age 35 - 44 years","description":"Females Arts and recreation services Age 35 - 44 years.","stype":"ratio","isDimension":false},{"name":"F_Art_recn_45_54","type":"java.lang.Integer","title":"Females Arts and recreation services Age 45 - 54 years","description":"Females Arts and recreation services Age 45 - 54 years.","stype":"ratio","isDimension":false},{"name":"F_Art_recn_55_64","type":"java.lang.Integer","title":"Females Arts and recreation services Age 55 - 64 years","description":"Females Arts and recreation services Age 55 - 64 years.","stype":"ratio","isDimension":false},{"name":"F_Art_recn_65_74","type":"java.lang.Integer","title":"Females Arts and recreation services Age 65 - 74 years","description":"Females Arts and recreation services Age 65 - 74 years.","stype":"ratio","isDimension":false},{"name":"F_Art_recn_75_84","type":"java.lang.Integer","title":"Females Arts and recreation services Age 75 84 years","description":"Females Arts and recreation services Age 75 84 years.","stype":"ratio","isDimension":false},{"name":"F_Art_recn_85ov","type":"java.lang.Integer","title":"Females Arts and recreation services Age 85 years and over","description":"Females Arts and recreation services Age 85 years and over.","stype":"ratio","isDimension":false},{"name":"F_Art_recn_Tot","type":"java.lang.Integer","title":"Females Arts and recreation services Total","description":"Females Arts and recreation services Total.","stype":"ratio","isDimension":false},{"name":"F_Oth_scs_15_19","type":"java.lang.Integer","title":"Females Other services Age 15 - 19 years","description":"Females Other services Age 15 - 19 years.","stype":"ratio","isDimension":false},{"name":"F_Oth_scs_20_24","type":"java.lang.Integer","title":"Females Other services Age 20 - 24 years","description":"Females Other services Age 20 - 24 years.","stype":"ratio","isDimension":false},{"name":"F_Oth_scs_25_34","type":"java.lang.Integer","title":"Females Other services Age 25 - 34 years","description":"Females Other services Age 25 - 34 years.","stype":"ratio","isDimension":false},{"name":"F_Oth_scs_35_44","type":"java.lang.Integer","title":"Females Other services Age 35 - 44 years","description":"Females Other services Age 35 - 44 years.","stype":"ratio","isDimension":false},{"name":"F_Oth_scs_45_54","type":"java.lang.Integer","title":"Females Other services Age 45 - 54 years","description":"Females Other services Age 45 - 54 years.","stype":"ratio","isDimension":false},{"name":"F_Oth_scs_55_64","type":"java.lang.Integer","title":"Females Other services Age 55 - 64 years","description":"Females Other services Age 55 - 64 years.","stype":"ratio","isDimension":false},{"name":"F_Oth_scs_65_74","type":"java.lang.Integer","title":"Females Other services Age 65 - 74 years","description":"Females Other services Age 65 - 74 years.","stype":"ratio","isDimension":false},{"name":"F_Oth_scs_75_84","type":"java.lang.Integer","title":"Females Other services Age 75 84 years","description":"Females Other services Age 75 84 years.","stype":"ratio","isDimension":false},{"name":"F_Oth_scs_85ov","type":"java.lang.Integer","title":"Females Other services Age 85 years and over","description":"Females Other services Age 85 years and over.","stype":"ratio","isDimension":false},{"name":"F_Oth_scs_Tot","type":"java.lang.Integer","title":"Females Other services Total","description":"Females Other services Total.","stype":"ratio","isDimension":false}],"filter":{"filterType":"tabular","feature":{"key":"SA4_MAIN11","geoLevel":"sa4","geoField":"ignored","year":"2006","featureBbox":[140.961681984,-39.159189527500004,149.976679008,-33.9806475865],"featureType":"ste","featureInstance":"2","featureName":"Victoria","referenceSystemIdentifier":"urn:x-ogc:def:crs:EPSG:4283","prefix":"","keyTransform":null},"states":["2"]}}