{"organisation":"AU_Govt_ABS","name":"seifa_ieo_aust_sa2","title":"SA2 SEIFA 2011 - The Index of Education and Occupation (IEO)","legal":{"copyrightYear":"2011","attributionYear":"2011","attribution":"{datasource.organisationTitle}, ({dataset.attributionYear}): {dataset.title}; accessed from AURIN Portal on {dateOfAccess}.","clickthrough":false,"licenceType":"Creative Commons Attribution 2.5 Australia (CC BY 2.5 AU)","copyrightNotice":"&copy; Commonwealth of Australia (Australian Bureau of Statistics) {dataset.copyrightYear}"},"referenceSystemIdentifier":"urn:x-ogc:def:crs:EPSG:4283","geoLevel":"sa2","key":"sa2_code","keyRegex":null,"availability":"true","geomField":"wkb_geometry","keyword":"seifa, ieo, socio-economic, advantage, disadvantage","theme":null,"temporalExtent":{"beginDate":"2011-01-01T00:00:00","endDate":"2011-12-31T00:00:00","selectTime":false},"type":"dataset","_id":"dataset-AU_Govt_ABS-seifa_ieo_aust_sa2-sa2","bbox":null,"abstract":"Socio-Economic Indexes for Areas (SEIFA) is a product developed by the ABS that ranks areas in Australia according to relative socio-economic advantage and disadvantage. The indexes are based on information from the five-yearly Census. SEIFA 2011 is the latest version of this product and consists of four indexes. The Index of Education and Occupation (IEO) is designed to reflect the educational and occupational level of communities. The education variables in this index show either the level of qualification achieved or whether further education is being undertaken. The occupation variables classify the workforce into the major groups and skill levels of the Australian and New Zealand Standard Classification of Occupations (ANZSCO) and the unemployed. This index does not include any income variables. Data last updated: 28th March 2013. Users of this data are advised to carefully read the accompanying information on the SEIFA web page and in the Technical Paper.<br><a href='http://www.abs.gov.au/ausstats/abs@.nsf/Lookup/by%20Subject/2033.0.55.001~2011~Main%20Features~Main%20Page~1' target=\"_blank\">SEIFA Homepage</a><br><a href='http://www.ausstats.abs.gov.au/Ausstats/subscriber.nsf/0/22CEDA8038AF7A0DCA257B3B00116E34/$File/2033.0.55.001%20seifa%202011%20technical%20paper.pdf' target=\"_blank\">SEIFA Technical Paper</a><br> For further information about these and related statistics, contact the National Information and Referral Services on 1300 135 070. Periodicity: 5-Yearly.","selectedAttributes":[{"name":"sa2_code","type":"java.lang.String","title":"SA2 Code","description":"Statistical Area Level 2 (SA2) code.","stype":"nominal","isDimension":false},{"name":"sa2_name","type":"java.lang.String","title":"SA2 Name","description":"Statistical Area Level 2 (SA2) name.","stype":"nominal","isDimension":false},{"name":"ur_pop","type":"java.lang.Integer","title":"Usual Resident Population","description":"Population counts in this column are based on place of usual residence, as reported on Census Night.","stype":"ratio","isDimension":false},{"name":"score","type":"java.lang.Integer","title":"Score","description":"A lower score indicates that an area is relatively disadvantaged compared to an area with a higher score. Scores should only be used in distributive analysis. To enable easy recognition of high and low scores, the SA1 index scores have been standardised to have a mean of 1000 and a standard deviation of 100 across all SA1s in Australia. However, this is not the case for the larger geographies which were constructed from the SA1 scores, such as SA2. Indexes at larger geographies were constructed using population weighted averages of the constituent SA1s. Refer to the 2013 Technical Paper for details. These geographies are Statistical Area 2 (SA2), Statistical Local Area (SLA), Postal Area (POA), State Suburb (SSC), and Local Government Area (LGA).","stype":"ordinal","isDimension":false},{"name":"rank","type":"java.lang.Integer","title":"Rank","description":"All areas are ordered from the lowest to highest score, then the area with the lowest score is given a rank of 1, the area with the second lowest score is given a rank of 2 and so on, up to the area with the highest score is given the highest rank. ","stype":"ordinal","isDimension":false},{"name":"decile","type":"java.lang.Integer","title":"Decile","description":"All areas are ordered from lowest to highest score, the lowest 10% of areas are given a decile number of 1 and so on, up to the highest 10% of areas which are given a decile number of 10. This means that areas are divided up into ten groups, depending on their score. Decile 1 is the most disadvantaged relative to the other deciles. Note that deciles have equal number of areas, not people.","stype":"ordinal","isDimension":false},{"name":"percentile","type":"java.lang.Integer","title":"Percentile","description":"All areas are ordered from lowest to highest score, the lowest 1% of areas are given a percentile number of 1 and so on, up to the highest 1% of areas which are given a percentile number of 100. This means that areas are divided up into one hundred groups, depending on their score. Percentile 1 is the most disadvantaged relative to the other percentiles. Note that percentiles have equal number of areas, not people.","stype":"ordinal","isDimension":false}],"filter":{"filterType":"tabular","feature":{"key":"sa2_code","geoLevel":"sa2","geoField":"ignored","year":"2006","featureBbox":[140.961681984,-39.159189527500004,149.976679008,-33.9806475865],"featureType":"ste","featureInstance":"2","featureName":"Victoria","referenceSystemIdentifier":"urn:x-ogc:def:crs:EPSG:4283","prefix":"","keyTransform":null},"states":["2"]}}