{"organisation":"RAI","name":"RIA:RIA_2011_HumanCapital_Indicator","title":"LGA Human Capital Indicators 2011","legal":{"copyrightYear":"2011","attributionYear":"2011","attribution":"{datasource.organisationTitle}, ({dataset.attributionYear}): {dataset.title}; accessed from AURIN Portal on {dateOfAccess}.","clickthrough":false,"licenceType":"Creative Commons Attribution-NonCommercial 3.0 Australia (CC BY-NC 3.0 AU)","copyrightNotice":"&copy; {datasource.organisationTitle} {dataset.copyrightYear}"},"referenceSystemIdentifier":"EPSG:4283","geoLevel":"lga2011","key":"LGA2011","keyRegex":null,"availability":"true","geomField":"the_geom","keyword":"education, indicator, health, well being, quality of life","theme":null,"temporalExtent":{"beginDate":"2011-01-01T00:00:00","endDate":"2011-12-31T00:00:00","selectTime":false},"type":"dataset","_id":"dataset-RAI-RIA:RIA_2011_HumanCapital_Indicator-lga2011","bbox":null,"abstract":"This data has been created by the Regional Australia Institute for the <a href=\"http://www.regionalaustralia.org.au/research-policy/insight/\" > [In]Sight competitive index</a>, released in 2012. Modeled on the World Economic Forum\"s Global Competitiveness Report, [In]Sight was developed in collaboration with Deloitte Access Economics and combines data from sources including the Australian Bureau of Statistics and the Social Health Atlas of Australia.<br/><br/>Human capital is a measure of the capabilities and skills of the workforce in a particular region. Both health and education are major contributors to a region\"s level of human capital, as both of these factors are understood to increase labour efficiency and competitiveness. <br/><br/>Regions of non-metropolitan Australia which have high levels of human capital that is, a well educated workforce and a propensity towards lifelong learning are expected to experience higher levels of economic growth, are more adaptive and innovative and are more resilient to negative outside influences.","selectedAttributes":[{"name":"LGA2011","type":"java.lang.Integer","title":"LGA Code","description":"The ABS code of the LGA","stype":"nominal","isDimension":false},{"name":"State","type":"java.lang.String","title":"State","description":"The state within which the LGA is located","stype":"nominal","isDimension":false},{"name":"LGA_Name","type":"java.lang.String","title":"LGA Name","description":"The name of the LGA","stype":"nominal","isDimension":false},{"name":"HumCap_sd","type":"java.lang.Double","title":"Human Capital Indicator Standard Deviation","description":"The standard deviation of the Human Capital Indicator, representing how well a LGA is performing relative to a national \"average Australian region\"","stype":"ratio","isDimension":false},{"name":"HumCap_ran","type":"java.lang.Double","title":"Human Capital Indicator Ranking","description":"The Rank of the Human Capital Indicatorfrom 1-560 out of 560 Local Government Areas, based on the Standard Deviation","stype":"ordinal","isDimension":false},{"name":"Num_Bach","type":"java.lang.Double","title":"Number with Bachelors","description":"The number of people in the LGA with a bachelors degree","stype":"ratio","isDimension":false},{"name":"NumGrdDip","type":"java.lang.Double","title":"Number with Graduate Diploma","description":"The number of people in the LGA with a graduate diploma","stype":"ratio","isDimension":false},{"name":"NumPstgrd","type":"java.lang.Double","title":"Number with Post Graduate","description":"The number of people in the LGA with a post graduate degree","stype":"ratio","isDimension":false},{"name":"WkAgePop","type":"java.lang.Double","title":"Working Age Polulation","description":"Total Working age population within the LGA (15-64 years)","stype":"ratio","isDimension":false},{"name":"Uniq_meas","type":"java.lang.Double","title":"University qualification","description":"Measurement: % of working age population with university qualifications (Source: ABS Census 2011 - Table builder, levels of education by LGA, ABS Census 2011 - Table builder, population by LGA)","stype":"ratio","isDimension":false},{"name":"Uniq_sd","type":"java.lang.Double","title":"University qualification Standard Deviation","description":"The standard deviation of the Measure, representing how well a LGA is performing relative to a national \"average Australian region\"","stype":"ratio","isDimension":false},{"name":"Uniq_rank","type":"java.lang.Double","title":"University qualification  Ranking","description":"The Rank of the Measure from 1-560 out of 560 Local Government Areas, based on the Standard Deviation","stype":"ordinal","isDimension":false},{"name":"NumCert","type":"java.lang.Double","title":"Number with Certificate","description":"Number of people with a Certificate Level qualification in the LGA","stype":"ratio","isDimension":false},{"name":"NumAdvDip","type":"java.lang.Double","title":"Number with Advanced Deploma","description":"Number of people with a Advanced Deplomal qualification in the LGA","stype":"ratio","isDimension":false},{"name":"Techq_meas","type":"java.lang.Double","title":"Technical qualification","description":"Measurement:  % of working age population with certificate and diploma qualifications(Source:  ABS Census 2011 - Table builder, levels of education by LGA, ABS Census 2011 - Table builder, population by LGA)","stype":"ratio","isDimension":false},{"name":"Techq_sd","type":"java.lang.Double","title":"Technical qualification Standar Deviation","description":"The standard deviation of the Measure, representing how well a LGA is performing relative to a national \"average Australian region\"","stype":"ratio","isDimension":false},{"name":"Techq_rank","type":"java.lang.Double","title":"Technical qualification Ranking","description":"The Rank of the Measure from 1-560 out of 560 Local Government Areas, based on the Standard Deviation","stype":"ordinal","isDimension":false},{"name":"FT_Sdnts","type":"java.lang.Double","title":"Full-time Students","description":"Number of pull-time studentwithin the LGA","stype":"ratio","isDimension":false},{"name":"PT_Sdnts","type":"java.lang.Double","title":"Part-time Students","description":"Number of part-time student within the LGA","stype":"ratio","isDimension":false},{"name":"InstStNS","type":"java.lang.Double","title":"Institution Only","description":"Persons identified as student, Institution (TYPP) stated, but where full-time/part-time status (STUP) is not stated","stype":"ratio","isDimension":false},{"name":"BInstStNS","type":"java.lang.Double","title":"Students without institution","description":"Persons identified as student, but oth both institution (TYPP) and full-time/part-time status (STUP) not stated","stype":"ratio","isDimension":false},{"name":"Tot_Studen","type":"java.lang.Double","title":"Total students","description":"Total number of students withn the LGA","stype":"ratio","isDimension":false},{"name":"Learn_meas","type":"java.lang.Double","title":"Lifelong Learning","description":"Measurement: % of working age population participating in education and training (Source: ABS Census 2011 - Table builder, levels of education by LGA, ABS Census 2011 - Table builder, population by LGA)","stype":"ratio","isDimension":false},{"name":"Learn_sd","type":"java.lang.Double","title":"Lifelong Learning Standard Deviation","description":"The standard deviation of the Measure, representing how well a LGA is performing relative to a national \"average Australian region\"","stype":"ratio","isDimension":false},{"name":"Learn_rank","type":"java.lang.Double","title":"Lifelong Learning Ranking","description":"The Rank of the Measure from 1-560 out of 560 Local Government Areas, based on the Standard Deviation","stype":"ordinal","isDimension":false},{"name":"NumYr11","type":"java.lang.Double","title":"Year 11 or equivalent","description":"Number of the population who completed up to Year 11 or equivalent","stype":"ratio","isDimension":false},{"name":"NumYr10","type":"java.lang.Double","title":"Year 10 or equivalent","description":"Number of the population who completed up to Year 10 or equivalent","stype":"ratio","isDimension":false},{"name":"NumYr9","type":"java.lang.Double","title":"Year 9 or equivalent","description":"Number of the population who completed up to Year 9 or equivalent","stype":"ratio","isDimension":false},{"name":"NumYr8","type":"java.lang.Double","title":"Year 8 or equivalent","description":"Number of the population who completed up to Year 8 or equivalent","stype":"ratio","isDimension":false},{"name":"NoSchool","type":"java.lang.Double","title":"No School","description":"Number of the population who did not complete schooling","stype":"ratio","isDimension":false},{"name":"TotNoYr12","type":"java.lang.Double","title":"Total no year 12","description":"Total persons who have not completed year 12","stype":"ratio","isDimension":false},{"name":"AdultPop","type":"java.lang.Double","title":"Adult population","description":"Total Adult population within the LGA","stype":"ratio","isDimension":false},{"name":"ErlyL_meas","type":"java.lang.Double","title":"Early School Leavers","description":"Measurement: '% of adult population that did not complete year 12 (higher ranking indicates higher % who did complete year 12) (Source: Source: ABS Census 2011 - Table builder, levels of education by LGA, ABS Census 2011 - Table builder, population by LGA)","stype":"ratio","isDimension":false},{"name":"ErlyL_sd","type":"java.lang.Double","title":"Early School Leavers Standard Deviation","description":"The standard deviation of the Measure, representing how well a LGA is performing relative to a national \"average Australian region\"","stype":"ratio","isDimension":false},{"name":"ErlyL_rank","type":"java.lang.Double","title":"Early School Leavers Ranking","description":"The Rank of the Measure from 1-560 out of 560 Local Government Areas, based on the Standard Deviation","stype":"ordinal","isDimension":false},{"name":"NumAtRsk","type":"java.lang.Double","title":"Nubmer At Risk Adults","description":"Adults with at least one of four of the risk factors of smoking, harmful use of alcohol, physical inactivity and obesity","stype":"ratio","isDimension":false},{"name":"HRisk_meas","type":"java.lang.Double","title":"Health","description":"Measurement: Adults with at least one of four of the risk factors of smoking, harmful use of alcohol, physical inactivity and obesity (higher ranking indicates fewer adults with risk  (Source: Social Health Atlas of Australia)","stype":"ratio","isDimension":false},{"name":"HRisk_sd","type":"java.lang.Double","title":"Health Standard Deviation","description":"The standard deviation of the Measure, representing how well a LGA is performing relative to a national \"average Australian region\"","stype":"ratio","isDimension":false},{"name":"HRisk_rank","type":"java.lang.Double","title":"Health Ranking","description":"The Rank of the Measure from 1-560 out of 560 Local Government Areas, based on the Standard Deviation","stype":"ordinal","isDimension":false},{"name":"EngOnly","type":"java.lang.Double","title":"Speaks English Only","description":"Number of people who only speak english","stype":"ratio","isDimension":false},{"name":"EngVWell","type":"java.lang.Double","title":"Speaks other language and speaks English: Very well","description":"Number of people who speaks other language and speaks English Very well","stype":"ratio","isDimension":false},{"name":"WngWell","type":"java.lang.Double","title":"Speaks other language and speaks English: Well","description":"Number of people who speaks other language and speaks English Well","stype":"ratio","isDimension":false},{"name":"TotEndWel","type":"java.lang.Double","title":"Total persons who speak English well","description":"The total number of people within an LGA that speak english well","stype":"ratio","isDimension":false},{"name":"ResPop","type":"java.lang.Double","title":"Resident population","description":"The total resident population within the LGA","stype":"ratio","isDimension":false},{"name":"EngL_meas","type":"java.lang.Double","title":"English proficiency","description":"Measurement: % population with English as first language or, if second language, speaks English well (Source: ABS Census 2011 - Table builder, level of English proficiency, ABS Census 2011 - Table builder, population by LGA)","stype":"ratio","isDimension":false},{"name":"EngL_sd","type":"java.lang.Double","title":"English proficiency Standard Deviation","description":"The standard deviation of the Measure, representing how well a LGA is performing relative to a national \"average Australian region\"","stype":"ratio","isDimension":false},{"name":"EngL_rank","type":"java.lang.Double","title":"English proficiency Ranking","description":"The Rank of the Measure from 1-560 out of 560 Local Government Areas, based on the Standard Deviation","stype":"ordinal","isDimension":false},{"name":"CldDevVun","type":"java.lang.Double","title":"Children developmentally vulnerable on one or more domains","description":"Number of children identified as Children developmentally vulnerable on one or more domains in the Social Health Atlas of Australia","stype":"ratio","isDimension":false},{"name":"CldAssed","type":"java.lang.Double","title":"Number of children assessed","description":"Number of Children Assessed for developmental vulnerabilities for the Social Health Atlas of Australia","stype":"ratio","isDimension":false},{"name":"ECP_meas","type":"java.lang.Double","title":"Early childhood performance","description":"Measurement: '% of children developmentally vulnerable on one or more domains (higher ranking indicates fewer children developmentally vulnerable) (Source: Social Health Atlas of Australia)","stype":"ratio","isDimension":false},{"name":"ECP_sd","type":"java.lang.Double","title":"Early childhood performance Standard Deviation","description":"The standard deviation of the Measure, representing how well a LGA is performing relative to a national \"average Australian region\"","stype":"ratio","isDimension":false},{"name":"ECP_rank","type":"java.lang.Double","title":"Early childhood performance Ranking","description":"The Rank of the Measure from 1-560 out of 560 Local Government Areas, based on the Standard Deviation","stype":"ordinal","isDimension":false},{"name":"NumYr3B5","type":"java.lang.Double","title":"Year 3 Band 5","description":"Number of students in year 3 in band 5 for reading, writing, spelling, grammar, punctuation and numeracy","stype":"ratio","isDimension":false},{"name":"Numyr3B6","type":"java.lang.Double","title":"Year 3 Band 6","description":"Number of students in year 3 in band 6 for reading, writing, spelling, grammar, punctuation and numeracy","stype":"ratio","isDimension":false},{"name":"NumYr5B7","type":"java.lang.Double","title":"Year 5 Band 7","description":"Number of students in year 5 in band 7 for reading, writing, spelling, grammar, punctuation and numeracy","stype":"ratio","isDimension":false},{"name":"NumYr5B8","type":"java.lang.Double","title":"Year 5 Band 8","description":"Number of students in year 5 in band 8 for reading, writing, spelling, grammar, punctuation and numeracy","stype":"ratio","isDimension":false},{"name":"NumHBandPS","type":"java.lang.Double","title":"Number in high bands (Primary)","description":"Number of students in high bands for reading, writing, spelling, grammar, punctuation and numeracy","stype":"ratio","isDimension":false},{"name":"NumPSdnts","type":"java.lang.Double","title":"Number of primary school students","description":"The nubmer of primary school students assessed for reading, writing, spelling, grammar, punctuation and numeracy","stype":"ratio","isDimension":false},{"name":"SPP_meas","type":"java.lang.Double","title":"School performance ? Primary","description":"Measurement: % students in top 2 Bands for reading, writing, spelling, grammar, punctuation and numeracy (Source: MySchools Data)","stype":"ratio","isDimension":false},{"name":"SPP_sd","type":"java.lang.Double","title":"School performance ? Primary Standard Deviation","description":"The standard deviation of the Measure, representing how well a LGA is performing relative to a national \"average Australian region\"","stype":"ratio","isDimension":false},{"name":"SPP_rank","type":"java.lang.Double","title":"School performance ? Primary Ranking","description":"The Rank of the Measure from 1-560 out of 560 Local Government Areas, based on the Standard Deviation","stype":"ordinal","isDimension":false},{"name":"NumYr7B8","type":"java.lang.Double","title":"Year 7 Band 8","description":"Number of students in year 7 in band 8 reading, writing, spelling, grammar, punctuation and numeracy","stype":"ratio","isDimension":false},{"name":"NumYr7B9","type":"java.lang.Double","title":"Year 7 Band 9","description":"Number of students in year 7 in band 9 reading, writing, spelling, grammar, punctuation and numeracy","stype":"ratio","isDimension":false},{"name":"NumYr9B9","type":"java.lang.Double","title":"Year 9 Band 9","description":"Number of students in year 9 in band 9 reading, writing, spelling, grammar, punctuation and numeracy","stype":"ratio","isDimension":false},{"name":"NumYr9B10","type":"java.lang.Double","title":"Year 9 Band 10","description":"Number of students in year 9 in band 10 reading, writing, spelling, grammar, punctuation and numeracy","stype":"ratio","isDimension":false},{"name":"NumHBandHS","type":"java.lang.Double","title":"Number in High Bands (Secondary)","description":"Number of students in high bands for reading, writing, spelling, grammar, punctuation and numeracy","stype":"ratio","isDimension":false},{"name":"NumHSdnts","type":"java.lang.Double","title":"Number of high school students assessed fo reading, writing, spelling, grammar, punctuation and numeracy","description":"Number of students in high bands for reading, writing, spelling, grammar, punctuation and numeracy","stype":"ratio","isDimension":false},{"name":"SPS_meas","type":"java.lang.Double","title":"School performance ? Secondary","description":"Measurement: % students in top 2 Bands for reading, writing, spelling, grammar, punctuation and numeracy (Source: MySchool Data)","stype":"ratio","isDimension":false},{"name":"SPS_sd","type":"java.lang.Double","title":"School performance ? Secondary Standard Deviation","description":"The standard deviation of the Measure, representing how well a LGA is performing relative to a national \"average Australian region\"","stype":"ratio","isDimension":false},{"name":"SPS_rank","type":"java.lang.Double","title":"School performance ? Secondary Ranking","description":"The Rank of the Measure from 1-560 out of 560 Local Government Areas, based on the Standard Deviation","stype":"ordinal","isDimension":false}],"filter":{"filterType":"tabular","feature":{"key":"LGA2011","geoLevel":"lga2011","geoField":"ignored","year":"2006","featureBbox":[140.961681984,-39.159189527500004,149.976679008,-33.9806475865],"featureType":"ste","featureInstance":"2","featureName":"Victoria","referenceSystemIdentifier":"EPSG:4283","prefix":"","keyTransform":null},"states":["2"]}}