{"organisation":"TUA_PHIDU","name":"sa2_learningorearning","title":"SA2 Learning or Earning","legal":{"copyrightYear":"2014","attributionYear":"2014","attribution":"{datasource.organisationTitle}, ({dataset.attributionYear}): {dataset.title}; accessed from AURIN Portal on {dateOfAccess}.","clickthrough":false,"licenceType":"Creative Commons Attribution-NonCommercial-ShareAlike 3.0 Australia (CC BY-NC-SA 3.0 AU)","copyrightNotice":"&copy; {datasource.organisationTitle} {dataset.copyrightYear}"},"referenceSystemIdentifier":"EPSG:4283","geoLevel":"sa2","key":"area_code","keyRegex":null,"availability":"true","geomField":"wkb_geometry","keyword":"learning, earning, education, employment","theme":null,"temporalExtent":{"beginDate":"2011-06-30T00:00:00","endDate":"2011-06-30T00:00:00","selectTime":false},"type":"dataset","_id":"dataset-TUA_PHIDU-sa2_learningorearning-sa2","bbox":null,"abstract":"The number of 15 to 19 year olds that are either engaged in school, work or further education. That is learning or earning, by SA2, 2011","selectedAttributes":[{"name":"area_code","type":"java.lang.Integer","title":"Statistical Area Level 2 Code","description":"Statistical Area Level 2 code (2011)","stype":"nominal","isDimension":false},{"name":"area_name","type":"java.lang.String","title":"Statistical Area Level 2 Name","description":"Statistical Area Level 2 Name (2011)","stype":"nominal","isDimension":false},{"name":"learn_earn_1_no_6_11_6_11","type":"java.lang.Double","title":"Learning or Earning at Ages 15 to 19 - Count","description":"Learning or earning at ages 15 to 19. Source: ABS Census 2011 (unpublished).","stype":"ratio","isDimension":false},{"name":"learn_earn_2_denom_6_11_6_11","type":"java.lang.Double","title":"People aged 15 to 19","description":"People aged 15 to 19. Source: ABS Census 2011.","stype":"ratio","isDimension":false},{"name":"learn_earn_3_percent_6_11_6_11","type":"java.lang.Double","title":"Learning or Earning at Ages 15 to 19 - Percentage","description":"Learning or earning at ages 15 to 19 as a percentage of all 15 to 19 year olds. Source: ABS Census 2011 (unpublished).","stype":"ratio","isDimension":false}],"filter":{"filterType":"tabular","feature":{"key":"area_code","geoLevel":"sa2","geoField":"ignored","year":"2006","featureBbox":[140.961681984,-39.159189527500004,149.976679008,-33.9806475865],"featureType":"ste","featureInstance":"2","featureName":"Victoria","referenceSystemIdentifier":"EPSG:4283","prefix":"","keyTransform":null},"states":["2"]}}