,count,sentiment,suburb,Name,Tafe,University,high,income,totCount,totSum
252,85,Negative,218,Bendigo Region - South,0.214912,0.41032,0.374769,0.374769,3,1137
253,815,Neutral,218,Bendigo Region - South,0.214912,0.41032,0.374769,0.374769,3,1137
254,237,Positive,218,Bendigo Region - South,0.214912,0.41032,0.374769,0.374769,3,1137
28,35,Negative,113,Glendenning Dean Park,0.255524,0.282421,0.462056,0.462056,3,546
29,439,Neutral,113,Glendenning Dean Park,0.255524,0.282421,0.462056,0.462056,3,546
30,72,Positive,113,Glendenning Dean Park,0.255524,0.282421,0.462056,0.462056,3,546
305,53,Negative,254,East Melbourne,0.202026,0.524409,0.273565,0.273565,3,477
306,247,Neutral,254,East Melbourne,0.202026,0.524409,0.273565,0.273565,3,477
307,177,Positive,254,East Melbourne,0.202026,0.524409,0.273565,0.273565,3,477
624,7,Negative,781,ACT - South West,0.236149,0.416591,0.34726,0.34726,3,187
625,167,Neutral,781,ACT - South West,0.236149,0.416591,0.34726,0.34726,3,187
626,13,Positive,781,ACT - South West,0.236149,0.416591,0.34726,0.34726,3,187
46,21,Negative,120,Bondi Beach - North Bondi,0.386364,0.207792,0.405844,0.405844,3,177
47,74,Neutral,120,Bondi Beach - North Bondi,0.386364,0.207792,0.405844,0.405844,3,177
48,82,Positive,120,Bondi Beach - North Bondi,0.386364,0.207792,0.405844,0.405844,3,177
329,23,Negative,262,Fitzroy,0.410064,0.151499,0.438437,0.438437,3,170
330,78,Neutral,262,Fitzroy,0.410064,0.151499,0.438437,0.438437,3,170
331,69,Positive,262,Fitzroy,0.410064,0.151499,0.438437,0.438437,3,170
302,22,Negative,253,Docklands,0.345455,0.30303,0.351515,0.351515,3,170
303,86,Neutral,253,Docklands,0.345455,0.30303,0.351515,0.351515,3,170
304,62,Positive,253,Docklands,0.345455,0.30303,0.351515,0.351515,3,170
34,14,Negative,116,Darlinghurst,0.274794,0.282051,0.443154,0.443154,3,141
35,68,Neutral,116,Darlinghurst,0.274794,0.282051,0.443154,0.443154,3,141
36,59,Positive,116,Darlinghurst,0.274794,0.282051,0.443154,0.443154,3,141
299,17,Negative,252,Carlton,0.368382,0.269118,0.3625,0.3625,3,131
300,70,Neutral,252,Carlton,0.368382,0.269118,0.3625,0.3625,3,131
301,44,Positive,252,Carlton,0.368382,0.269118,0.3625,0.3625,3,131
37,12,Negative,117,Erskineville - Alexandria,0.359756,0.128049,0.512195,0.512195,3,127
38,52,Neutral,117,Erskineville - Alexandria,0.359756,0.128049,0.512195,0.512195,3,127
39,63,Positive,117,Erskineville - Alexandria,0.359756,0.128049,0.512195,0.512195,3,127
326,10,Negative,261,Collingwood,0.275758,0.072727,0.651515,0.651515,3,119
327,47,Neutral,261,Collingwood,0.275758,0.072727,0.651515,0.651515,3,119
328,62,Positive,261,Collingwood,0.275758,0.072727,0.651515,0.651515,3,119
43,13,Negative,119,Bondi - Tamarama - Bronte,0.184825,0.032588,0.782588,0.782588,3,116
44,64,Neutral,119,Bondi - Tamarama - Bronte,0.184825,0.032588,0.782588,0.782588,3,116
45,39,Positive,119,Bondi - Tamarama - Bronte,0.184825,0.032588,0.782588,0.782588,3,116
102,10,Negative,144,Chatswood (East) - Artarmon,0.409524,0.152381,0.438095,0.438095,3,115
103,48,Neutral,144,Chatswood (East) - Artarmon,0.409524,0.152381,0.438095,0.438095,3,115
104,57,Positive,144,Chatswood (East) - Artarmon,0.409524,0.152381,0.438095,0.438095,3,115
275,8,Negative,244,Brunswick,0.288377,0.351067,0.360556,0.360556,3,91
276,43,Neutral,244,Brunswick,0.288377,0.351067,0.360556,0.360556,3,91
277,40,Positive,244,Brunswick,0.288377,0.351067,0.360556,0.360556,3,91
308,12,Negative,255,Flemington Racecourse,0.207103,0.512271,0.280626,0.280626,3,90
309,26,Neutral,255,Flemington Racecourse,0.207103,0.512271,0.280626,0.280626,3,90
310,52,Positive,255,Flemington Racecourse,0.207103,0.512271,0.280626,0.280626,3,90
500,40,Negative,337,Ashwood - Chadstone,0.198367,0.455535,0.346098,0.346098,3,81
501,22,Neutral,337,Ashwood - Chadstone,0.198367,0.455535,0.346098,0.346098,3,81
502,19,Positive,337,Ashwood - Chadstone,0.198367,0.455535,0.346098,0.346098,3,81
371,7,Negative,279,Brighton (Vic.),0.0,0.0,0.0,0.0,3,79
372,37,Neutral,279,Brighton (Vic.),0.0,0.0,0.0,0.0,3,79
373,35,Positive,279,Brighton (Vic.),0.0,0.0,0.0,0.0,3,79
529,13,Negative,349,Footscray,0.335019,0.235347,0.429634,0.429634,3,74
530,33,Neutral,349,Footscray,0.335019,0.235347,0.429634,0.429634,3,74
531,28,Positive,349,Footscray,0.335019,0.235347,0.429634,0.429634,3,74
172,39,Negative,176,Auburn,0.394636,0.10728,0.498084,0.498084,3,69
173,17,Neutral,176,Auburn,0.394636,0.10728,0.498084,0.498084,3,69
174,13,Positive,176,Auburn,0.394636,0.10728,0.498084,0.498084,3,69
641,31,Negative,792,Campbell,0.225,0.075,0.7,0.7,3,68
642,26,Neutral,792,Campbell,0.225,0.075,0.7,0.7,3,68
643,11,Positive,792,Campbell,0.225,0.075,0.7,0.7,3,68
261,13,Negative,221,Bendigo Region - North,0.242406,0.408722,0.348872,0.348872,3,67
262,29,Neutral,221,Bendigo Region - North,0.242406,0.408722,0.348872,0.348872,3,67
263,25,Positive,221,Bendigo Region - North,0.242406,0.408722,0.348872,0.348872,3,67
311,7,Negative,256,Albert Park,0.419929,0.13879,0.441281,0.441281,3,67
312,28,Neutral,256,Albert Park,0.419929,0.13879,0.441281,0.441281,3,67
313,32,Positive,256,Albert Park,0.419929,0.13879,0.441281,0.441281,3,67
113,13,Negative,149,Cremorne - Cammeray,0.285714,0.102041,0.612245,0.612245,3,62
114,18,Neutral,149,Cremorne - Cammeray,0.285714,0.102041,0.612245,0.612245,3,62
115,31,Positive,149,Cremorne - Cammeray,0.285714,0.102041,0.612245,0.612245,3,62
132,6,Negative,159,Freshwater - Brookvale,0.302991,0.257477,0.439532,0.439532,3,60
133,18,Neutral,159,Freshwater - Brookvale,0.302991,0.257477,0.439532,0.439532,3,60
134,36,Positive,159,Freshwater - Brookvale,0.302991,0.257477,0.439532,0.439532,3,60
605,10,Negative,77,Charlestown - Dudley,0.341118,0.335345,0.323537,0.323537,3,57
606,20,Neutral,77,Charlestown - Dudley,0.341118,0.335345,0.323537,0.323537,3,57
607,27,Positive,77,Charlestown - Dudley,0.341118,0.335345,0.323537,0.323537,3,57
55,6,Negative,123,Double Bay - Bellevue Hill,0.197817,0.050477,0.751705,0.751705,3,54
56,23,Neutral,123,Double Bay - Bellevue Hill,0.197817,0.050477,0.751705,0.751705,3,54
57,25,Positive,123,Double Bay - Bellevue Hill,0.197817,0.050477,0.751705,0.751705,3,54
116,3,Negative,150,Crows Nest - Waverton,0.387213,0.100575,0.512213,0.512213,3,54
117,22,Neutral,150,Crows Nest - Waverton,0.387213,0.100575,0.512213,0.512213,3,54
118,29,Positive,150,Crows Nest - Waverton,0.387213,0.100575,0.512213,0.512213,3,54
644,1,Negative,793,Civic,0.364621,0.24278,0.392599,0.392599,3,53
645,39,Neutral,793,Civic,0.364621,0.24278,0.392599,0.392599,3,53
646,13,Positive,793,Civic,0.364621,0.24278,0.392599,0.392599,3,53
49,4,Negative,121,Bondi Junction - Waverly,0.289157,0.108434,0.60241,0.60241,3,50
50,29,Neutral,121,Bondi Junction - Waverly,0.289157,0.108434,0.60241,0.60241,3,50
51,17,Positive,121,Bondi Junction - Waverly,0.289157,0.108434,0.60241,0.60241,3,50
389,3,Negative,285,Caulfield - North,0.355629,0.172463,0.471908,0.471908,3,49
390,26,Neutral,285,Caulfield - North,0.355629,0.172463,0.471908,0.471908,3,49
391,20,Positive,285,Caulfield - North,0.355629,0.172463,0.471908,0.471908,3,49
151,10,Negative,167,Blackheath - Megalong Valley,0.334913,0.334617,0.330471,0.330471,3,47
152,15,Neutral,167,Blackheath - Megalong Valley,0.334913,0.334617,0.330471,0.330471,3,47
153,22,Positive,167,Blackheath - Megalong Valley,0.334913,0.334617,0.330471,0.330471,3,47
40,4,Negative,118,Glebe - Forest Lodge,0.288732,0.119718,0.591549,0.591549,3,45
41,22,Neutral,118,Glebe - Forest Lodge,0.288732,0.119718,0.591549,0.591549,3,45
42,19,Positive,118,Glebe - Forest Lodge,0.288732,0.119718,0.591549,0.591549,3,45
320,10,Negative,259,Abbotsford,0.24051,0.364472,0.395018,0.395018,3,44
321,26,Neutral,259,Abbotsford,0.24051,0.364472,0.395018,0.395018,3,44
322,8,Positive,259,Abbotsford,0.24051,0.364472,0.395018,0.395018,3,44
426,2,Negative,299,Epping,0.321848,0.122681,0.555471,0.555471,3,41
427,35,Neutral,299,Epping,0.321848,0.122681,0.555471,0.555471,3,41
428,4,Positive,299,Epping,0.321848,0.122681,0.555471,0.555471,3,41
121,6,Negative,152,Avalon - Palm Beach,0.212316,0.035279,0.752405,0.752405,3,41
122,9,Neutral,152,Avalon - Palm Beach,0.212316,0.035279,0.752405,0.752405,3,41
123,26,Positive,152,Avalon - Palm Beach,0.212316,0.035279,0.752405,0.752405,3,41
161,2,Negative,170,Blue Mountains - South,0.35778,0.061447,0.580773,0.580773,3,40
162,15,Neutral,170,Blue Mountains - South,0.35778,0.061447,0.580773,0.580773,3,40
163,23,Positive,170,Blue Mountains - South,0.35778,0.061447,0.580773,0.580773,3,40
332,3,Negative,263,Fitzroy North,0.404382,0.23008,0.365538,0.365538,3,37
333,10,Neutral,263,Fitzroy North,0.404382,0.23008,0.365538,0.365538,3,37
334,24,Positive,263,Fitzroy North,0.404382,0.23008,0.365538,0.365538,3,37
258,5,Negative,220,Castlemaine Region,0.218397,0.495602,0.286002,0.286002,3,37
259,16,Neutral,220,Castlemaine Region,0.218397,0.495602,0.286002,0.286002,3,37
260,16,Positive,220,Castlemaine Region,0.218397,0.495602,0.286002,0.286002,3,37
566,3,Negative,47,Branxton - Greta - Pokolbin,0.314815,0.305556,0.37963,0.37963,3,37
567,28,Neutral,47,Branxton - Greta - Pokolbin,0.314815,0.305556,0.37963,0.37963,3,37
568,6,Positive,47,Branxton - Greta - Pokolbin,0.314815,0.305556,0.37963,0.37963,3,37
240,4,Negative,209,Daylesford,0.269841,0.150794,0.579365,0.579365,3,36
241,13,Neutral,209,Daylesford,0.269841,0.150794,0.579365,0.579365,3,36
242,19,Positive,209,Daylesford,0.269841,0.150794,0.579365,0.579365,3,36
225,5,Negative,202,Ballarat,0.267717,0.086614,0.645669,0.645669,3,36
226,14,Neutral,202,Ballarat,0.267717,0.086614,0.645669,0.645669,3,36
227,17,Positive,202,Ballarat,0.267717,0.086614,0.645669,0.645669,3,36
665,9,Negative,94,Berry - Kangaroo Valley,0.318589,0.078462,0.602949,0.602949,3,35
666,12,Neutral,94,Berry - Kangaroo Valley,0.318589,0.078462,0.602949,0.602949,3,35
667,14,Positive,94,Berry - Kangaroo Valley,0.318589,0.078462,0.602949,0.602949,3,35
145,2,Negative,163,Campbelltown - Woodbine,0.353088,0.322831,0.324081,0.324081,3,34
146,7,Neutral,163,Campbelltown - Woodbine,0.353088,0.322831,0.324081,0.324081,3,34
147,25,Positive,163,Campbelltown - Woodbine,0.353088,0.322831,0.324081,0.324081,3,34
244,3,Negative,210,Gordon (Vic.),0.240391,0.144625,0.614984,0.614984,3,33
245,13,Neutral,210,Gordon (Vic.),0.240391,0.144625,0.614984,0.614984,3,33
246,17,Positive,210,Gordon (Vic.),0.240391,0.144625,0.614984,0.614984,3,33
294,6,Negative,250,Essendon - Aberfeldie,0.289617,0.185792,0.52459,0.52459,3,32
295,16,Neutral,250,Essendon - Aberfeldie,0.289617,0.185792,0.52459,0.52459,3,32
296,10,Positive,250,Essendon - Aberfeldie,0.289617,0.185792,0.52459,0.52459,3,32
278,7,Negative,245,Brunswick East,0.305882,0.216319,0.477799,0.477799,3,32
279,15,Neutral,245,Brunswick East,0.305882,0.216319,0.477799,0.477799,3,32
280,10,Positive,245,Brunswick East,0.305882,0.216319,0.477799,0.477799,3,32
323,3,Negative,260,Carlton North - Princes Hill,0.0,0.0,0.0,0.0,3,31
324,12,Neutral,260,Carlton North - Princes Hill,0.0,0.0,0.0,0.0,3,31
325,16,Positive,260,Carlton North - Princes Hill,0.0,0.0,0.0,0.0,3,31
18,2,Negative,107,Blacktown (East) - Kings Park,0.303303,0.249249,0.447447,0.447447,3,31
19,19,Neutral,107,Blacktown (East) - Kings Park,0.303303,0.249249,0.447447,0.447447,3,31
20,10,Positive,107,Blacktown (East) - Kings Park,0.303303,0.249249,0.447447,0.447447,3,31
503,3,Negative,338,Clayton,0.243754,0.438181,0.318065,0.318065,3,30
504,22,Neutral,338,Clayton,0.243754,0.438181,0.318065,0.318065,3,30
505,5,Positive,338,Clayton,0.243754,0.438181,0.318065,0.318065,3,30
378,1,Negative,281,Cheltenham - Highett (West),0.370656,0.11583,0.513514,0.513514,3,29
379,10,Neutral,281,Cheltenham - Highett (West),0.370656,0.11583,0.513514,0.513514,3,29
380,18,Positive,281,Cheltenham - Highett (West),0.370656,0.11583,0.513514,0.513514,3,29
633,1,Negative,789,Acton,0.339623,0.056604,0.603774,0.603774,3,29
634,19,Neutral,789,Acton,0.339623,0.056604,0.603774,0.603774,3,29
635,9,Positive,789,Acton,0.339623,0.056604,0.603774,0.603774,3,29
82,1,Negative,136,Drummoyne - Rodd Point,0.370732,0.22439,0.404878,0.404878,3,28
83,19,Neutral,136,Drummoyne - Rodd Point,0.370732,0.22439,0.404878,0.404878,3,28
84,8,Positive,136,Drummoyne - Rodd Point,0.370732,0.22439,0.404878,0.404878,3,28
129,2,Negative,158,Frenchs Forest - Belrose,0.363533,0.106455,0.530011,0.530011,3,27
130,15,Neutral,158,Frenchs Forest - Belrose,0.363533,0.106455,0.530011,0.530011,3,27
131,10,Positive,158,Frenchs Forest - Belrose,0.363533,0.106455,0.530011,0.530011,3,27
366,3,Negative,277,Burwood East,0.433604,0.208672,0.357724,0.357724,3,26
367,20,Neutral,277,Burwood East,0.433604,0.208672,0.357724,0.357724,3,26
368,3,Positive,277,Burwood East,0.433604,0.208672,0.357724,0.357724,3,26
79,2,Negative,135,Concord West - North Strathfield,0.294833,0.158055,0.547112,0.547112,3,25
80,18,Neutral,135,Concord West - North Strathfield,0.294833,0.158055,0.547112,0.547112,3,25
81,5,Positive,135,Concord West - North Strathfield,0.294833,0.158055,0.547112,0.547112,3,25
317,3,Negative,258,Armadale,0.372624,0.087452,0.539924,0.539924,3,25
318,14,Neutral,258,Armadale,0.372624,0.087452,0.539924,0.539924,3,25
319,8,Positive,258,Armadale,0.372624,0.087452,0.539924,0.539924,3,25
13,2,Negative,104,Dural - Kenthurst - Wisemans Ferry,0.450059,0.151586,0.398355,0.398355,3,23
14,6,Neutral,104,Dural - Kenthurst - Wisemans Ferry,0.450059,0.151586,0.398355,0.398355,3,23
15,15,Positive,104,Dural - Kenthurst - Wisemans Ferry,0.450059,0.151586,0.398355,0.398355,3,23
450,5,Negative,311,Boronia - The Basin,0.290909,0.363636,0.345455,0.345455,3,23
451,6,Neutral,311,Boronia - The Basin,0.290909,0.363636,0.345455,0.345455,3,23
452,12,Positive,311,Boronia - The Basin,0.290909,0.363636,0.345455,0.345455,3,23
608,4,Negative,770,Belconnen,0.287402,0.031496,0.681102,0.681102,3,23
609,13,Neutral,770,Belconnen,0.287402,0.031496,0.681102,0.681102,3,23
610,6,Positive,770,Belconnen,0.287402,0.031496,0.681102,0.681102,3,23
88,3,Negative,139,Ashfield,0.259615,0.163462,0.576923,0.576923,3,23
89,3,Neutral,139,Ashfield,0.259615,0.163462,0.576923,0.576923,3,23
90,17,Positive,139,Ashfield,0.259615,0.163462,0.576923,0.576923,3,23
265,1,Negative,229,Alexandra,0.294753,0.097222,0.608025,0.608025,3,23
266,10,Neutral,229,Alexandra,0.294753,0.097222,0.608025,0.608025,3,23
267,12,Positive,229,Alexandra,0.294753,0.097222,0.608025,0.608025,3,23
509,2,Negative,340,Glen Waverley - West,0.262336,0.382401,0.355263,0.355263,3,22
510,13,Neutral,340,Glen Waverley - West,0.262336,0.382401,0.355263,0.355263,3,22
511,7,Positive,340,Glen Waverley - West,0.262336,0.382401,0.355263,0.355263,3,22
135,5,Negative,16,Erina - Green Point,0.307249,0.311367,0.381384,0.381384,3,22
136,12,Neutral,16,Erina - Green Point,0.307249,0.311367,0.381384,0.381384,3,22
137,5,Positive,16,Erina - Green Point,0.307249,0.311367,0.381384,0.381384,3,22
472,3,Negative,322,Emerald - Cockatoo,0.319392,0.064639,0.61597,0.61597,3,22
473,11,Neutral,322,Emerald - Cockatoo,0.319392,0.064639,0.61597,0.61597,3,22
474,8,Positive,322,Emerald - Cockatoo,0.319392,0.064639,0.61597,0.61597,3,22
492,1,Negative,334,Dandenong,0.367299,0.182464,0.450237,0.450237,3,22
493,10,Neutral,334,Dandenong,0.367299,0.182464,0.450237,0.450237,3,22
494,11,Positive,334,Dandenong,0.367299,0.182464,0.450237,0.450237,3,22
465,1,Negative,318,Belgrave - Selby,0.280992,0.107438,0.61157,0.61157,3,22
466,17,Neutral,318,Belgrave - Selby,0.280992,0.107438,0.61157,0.61157,3,22
467,4,Positive,318,Belgrave - Selby,0.280992,0.107438,0.61157,0.61157,3,22
540,3,Negative,353,Frankston,0.344086,0.172043,0.483871,0.483871,3,21
541,14,Neutral,353,Frankston,0.344086,0.172043,0.483871,0.483871,3,21
542,4,Positive,353,Frankston,0.344086,0.172043,0.483871,0.483871,3,21
235,2,Negative,207,Bacchus Marsh Region,0.308511,0.095745,0.595745,0.595745,3,21
236,12,Neutral,207,Bacchus Marsh Region,0.308511,0.095745,0.595745,0.595745,3,21
237,7,Positive,207,Bacchus Marsh Region,0.308511,0.095745,0.595745,0.595745,3,21
580,1,Negative,55,Albion Park Rail,0.314831,0.127927,0.557242,0.557242,2,21
581,20,Neutral,55,Albion Park Rail,0.314831,0.127927,0.557242,0.557242,2,21
126,9,Neutral,156,Dee Why - North Curl Curl,0.333333,0.271186,0.39548,0.39548,2,20
127,11,Positive,156,Dee Why - North Curl Curl,0.333333,0.271186,0.39548,0.39548,2,20
569,4,Negative,49,Cessnock Region,0.2,0.145455,0.654545,0.654545,3,20
570,9,Neutral,49,Cessnock Region,0.2,0.145455,0.654545,0.654545,3,20
571,7,Positive,49,Cessnock Region,0.2,0.145455,0.654545,0.654545,3,20
314,1,Negative,257,Elwood,0.372642,0.141509,0.485849,0.485849,3,19
315,11,Neutral,257,Elwood,0.372642,0.141509,0.485849,0.485849,3,19
316,7,Positive,257,Elwood,0.372642,0.141509,0.485849,0.485849,3,19
457,2,Negative,315,Croydon,0.204624,0.457357,0.338019,0.338019,3,19
458,5,Neutral,315,Croydon,0.204624,0.457357,0.338019,0.338019,3,19
459,12,Positive,315,Croydon,0.204624,0.457357,0.338019,0.338019,3,19
59,1,Negative,126,Bankstown,0.322394,0.376448,0.301158,0.301158,3,19
60,12,Neutral,126,Bankstown,0.322394,0.376448,0.301158,0.301158,3,19
61,6,Positive,126,Bankstown,0.322394,0.376448,0.301158,0.301158,3,19
158,1,Negative,17,Gosford - Springfield,0.273519,0.276132,0.450348,0.450348,3,18
159,8,Neutral,17,Gosford - Springfield,0.273519,0.276132,0.450348,0.450348,3,18
160,9,Positive,17,Gosford - Springfield,0.273519,0.276132,0.450348,0.450348,3,18
297,8,Neutral,251,Flemington,0.246988,0.186747,0.566265,0.566265,2,18
298,10,Positive,251,Flemington,0.246988,0.186747,0.566265,0.566265,2,18
215,4,Negative,198,Caringbah - Lilli Pilli,0.183764,0.564207,0.25203,0.25203,3,18
216,8,Neutral,198,Caringbah - Lilli Pilli,0.183764,0.564207,0.25203,0.25203,3,18
217,6,Positive,198,Caringbah - Lilli Pilli,0.183764,0.564207,0.25203,0.25203,3,18
357,4,Negative,274,Box Hill,0.321101,0.247706,0.431193,0.431193,3,18
358,8,Neutral,274,Box Hill,0.321101,0.247706,0.431193,0.431193,3,18
359,6,Positive,274,Box Hill,0.321101,0.247706,0.431193,0.431193,3,18
91,2,Negative,14,Box Head - MacMasters Beach,0.0,0.0,0.0,0.0,3,18
92,8,Neutral,14,Box Head - MacMasters Beach,0.0,0.0,0.0,0.0,3,18
93,8,Positive,14,Box Head - MacMasters Beach,0.0,0.0,0.0,0.0,3,18
119,4,Neutral,151,Balgowlah - Clontarf - Seaforth,0.387579,0.13456,0.477861,0.477861,2,18
120,14,Positive,151,Balgowlah - Clontarf - Seaforth,0.387579,0.13456,0.477861,0.477861,2,18
71,2,Negative,132,Arncliffe - Bardwell Valley,0.265993,0.077441,0.656566,0.656566,3,18
72,11,Neutral,132,Arncliffe - Bardwell Valley,0.265993,0.077441,0.656566,0.656566,3,18
73,5,Positive,132,Arncliffe - Bardwell Valley,0.265993,0.077441,0.656566,0.656566,3,18
627,2,Negative,782,ACT - East,0.331858,0.181416,0.486726,0.486726,3,18
628,4,Neutral,782,ACT - East,0.331858,0.181416,0.486726,0.486726,3,18
629,12,Positive,782,ACT - East,0.331858,0.181416,0.486726,0.486726,3,18
0,2,Negative,0,Goulburn,0.344198,0.182964,0.472838,0.472838,3,17
1,8,Neutral,0,Goulburn,0.344198,0.182964,0.472838,0.472838,3,17
2,7,Positive,0,Goulburn,0.344198,0.182964,0.472838,0.472838,3,17
619,1,Negative,78,Glendale - Cardiff - Hillsborough,0.315789,0.052632,0.631579,0.631579,3,17
620,9,Neutral,78,Glendale - Cardiff - Hillsborough,0.315789,0.052632,0.631579,0.631579,3,17
621,7,Positive,78,Glendale - Cardiff - Hillsborough,0.315789,0.052632,0.631579,0.631579,3,17
395,1,Negative,287,Elsternwick,0.401721,0.254136,0.344143,0.344143,3,17
396,12,Neutral,287,Elsternwick,0.401721,0.254136,0.344143,0.344143,3,17
397,4,Positive,287,Elsternwick,0.401721,0.254136,0.344143,0.344143,3,17
351,13,Neutral,271,Doncaster East,0.369565,0.144928,0.485507,0.485507,2,17
352,4,Positive,271,Doncaster East,0.369565,0.144928,0.485507,0.485507,2,17
339,2,Negative,267,Camberwell,0.243243,0.027027,0.72973,0.72973,3,17
340,8,Neutral,267,Camberwell,0.243243,0.027027,0.72973,0.72973,3,17
341,7,Positive,267,Camberwell,0.243243,0.027027,0.72973,0.72973,3,17
108,3,Negative,146,Asquith - Mount Colah,0.405028,0.198324,0.396648,0.396648,3,17
109,8,Neutral,146,Asquith - Mount Colah,0.405028,0.198324,0.396648,0.396648,3,17
110,6,Positive,146,Asquith - Mount Colah,0.405028,0.198324,0.396648,0.396648,3,17
402,1,Negative,29,Forbes,0.275591,0.377953,0.346457,0.346457,3,16
403,10,Neutral,29,Forbes,0.275591,0.377953,0.346457,0.346457,3,16
404,5,Positive,29,Forbes,0.275591,0.377953,0.346457,0.346457,3,16
453,11,Neutral,312,Ferntree Gully,0.28288,0.29664,0.42048,0.42048,2,16
454,5,Positive,312,Ferntree Gully,0.28288,0.29664,0.42048,0.42048,2,16
52,1,Negative,122,Centennial Park,0.384106,0.135762,0.480132,0.480132,3,16
53,4,Neutral,122,Centennial Park,0.384106,0.135762,0.480132,0.480132,3,16
54,11,Positive,122,Centennial Park,0.384106,0.135762,0.480132,0.480132,3,16
582,11,Neutral,56,Balgownie - Fairy Meadow,0.34689,0.105263,0.547847,0.547847,2,16
583,5,Positive,56,Balgownie - Fairy Meadow,0.34689,0.105263,0.547847,0.547847,2,16
419,2,Negative,296,Eltham,0.350908,0.281763,0.367329,0.367329,3,15
420,3,Neutral,296,Eltham,0.350908,0.281763,0.367329,0.367329,3,15
421,10,Positive,296,Eltham,0.350908,0.281763,0.367329,0.367329,3,15
348,1,Negative,270,Doncaster,0.403433,0.154506,0.44206,0.44206,3,15
349,7,Neutral,270,Doncaster,0.403433,0.154506,0.44206,0.44206,3,15
350,7,Positive,270,Doncaster,0.403433,0.154506,0.44206,0.44206,3,15
195,10,Neutral,187,Cobbitty - Leppington,0.313425,0.198996,0.487579,0.487579,2,15
196,5,Positive,187,Cobbitty - Leppington,0.313425,0.198996,0.487579,0.487579,2,15
468,2,Negative,319,Chirnside Park,0.2875,0.125,0.5875,0.5875,3,15
469,6,Neutral,319,Chirnside Park,0.2875,0.125,0.5875,0.5875,3,15
470,7,Positive,319,Chirnside Park,0.2875,0.125,0.5875,0.5875,3,15
167,2,Negative,172,Castlereagh - Cranebrook,0.0,0.0,0.0,0.0,3,15
168,7,Neutral,172,Castlereagh - Cranebrook,0.0,0.0,0.0,0.0,3,15
169,6,Positive,172,Castlereagh - Cranebrook,0.0,0.0,0.0,0.0,3,15
534,2,Negative,351,Caroline Springs,0.354369,0.174757,0.470874,0.470874,3,15
535,5,Neutral,351,Caroline Springs,0.354369,0.174757,0.470874,0.470874,3,15
536,8,Positive,351,Caroline Springs,0.354369,0.174757,0.470874,0.470874,3,15
611,3,Negative,771,Bruce,0.30137,0.267123,0.431507,0.431507,3,15
612,7,Neutral,771,Bruce,0.30137,0.267123,0.431507,0.431507,3,15
613,5,Positive,771,Bruce,0.30137,0.267123,0.431507,0.431507,3,15
658,3,Negative,82,Adamstown - Kotara,0.298113,0.10566,0.596226,0.596226,3,15
659,5,Neutral,82,Adamstown - Kotara,0.298113,0.10566,0.596226,0.596226,3,15
660,7,Positive,82,Adamstown - Kotara,0.298113,0.10566,0.596226,0.596226,3,15
177,1,Negative,178,Ermington - Rydalmere,0.394118,0.111765,0.494118,0.494118,3,14
178,7,Neutral,178,Ermington - Rydalmere,0.394118,0.111765,0.494118,0.494118,3,14
179,6,Positive,178,Ermington - Rydalmere,0.394118,0.111765,0.494118,0.494118,3,14
345,2,Negative,269,Bulleen,0.31,0.23,0.46,0.46,3,14
346,7,Neutral,269,Bulleen,0.31,0.23,0.46,0.46,3,14
347,5,Positive,269,Bulleen,0.31,0.23,0.46,0.46,3,14
376,10,Neutral,280,Brighton East,0.361045,0.086302,0.552652,0.552652,2,14
377,4,Positive,280,Brighton East,0.361045,0.086302,0.552652,0.552652,2,14
563,4,Neutral,45,Dubbo Region,0.298405,0.077449,0.624146,0.624146,2,13
564,9,Positive,45,Dubbo Region,0.298405,0.077449,0.624146,0.624146,2,13
485,3,Negative,328,Cranbourne East,0.328767,0.123288,0.547945,0.547945,3,13
486,3,Neutral,328,Cranbourne East,0.328767,0.123288,0.547945,0.547945,3,13
487,7,Positive,328,Cranbourne East,0.328767,0.123288,0.547945,0.547945,3,13
411,4,Negative,293,Cheltenham - Highett (East),0.31677,0.192547,0.490683,0.490683,3,13
412,6,Neutral,293,Cheltenham - Highett (East),0.31677,0.192547,0.490683,0.490683,3,13
413,3,Positive,293,Cheltenham - Highett (East),0.31677,0.192547,0.490683,0.490683,3,13
363,2,Negative,276,Burwood,0.321138,0.073171,0.605691,0.605691,3,13
364,3,Neutral,276,Burwood,0.321138,0.073171,0.605691,0.605691,3,13
365,8,Positive,276,Burwood,0.321138,0.073171,0.605691,0.605691,3,13
527,7,Neutral,348,Braybrook,0.393045,0.15748,0.449475,0.449475,2,13
528,6,Positive,348,Braybrook,0.393045,0.15748,0.449475,0.449475,2,13
353,1,Negative,272,Blackburn,0.432258,0.116129,0.451613,0.451613,3,13
354,6,Neutral,272,Blackburn,0.432258,0.116129,0.451613,0.451613,3,13
355,6,Positive,272,Blackburn,0.432258,0.116129,0.451613,0.451613,3,13
74,2,Negative,133,Bexley,0.458333,0.298611,0.243056,0.243056,3,13
75,6,Neutral,133,Bexley,0.458333,0.298611,0.243056,0.243056,3,13
76,5,Positive,133,Bexley,0.458333,0.298611,0.243056,0.243056,3,13
183,1,Negative,181,Girraween - Westmead,0.222807,0.063158,0.714035,0.714035,3,12
184,4,Neutral,181,Girraween - Westmead,0.222807,0.063158,0.714035,0.714035,3,12
185,7,Positive,181,Girraween - Westmead,0.222807,0.063158,0.714035,0.714035,3,12
5,12,Neutral,10,Deua - Wadbilliga,0.368889,0.168889,0.462222,0.462222,1,12
444,7,Neutral,308,Craigieburn - Mickleham,0.378571,0.192857,0.428571,0.428571,2,12
445,5,Positive,308,Craigieburn - Mickleham,0.378571,0.192857,0.428571,0.428571,2,12
554,2,Negative,4,Cooma Region,0.213195,0.202281,0.584524,0.584524,3,12
555,9,Neutral,4,Cooma Region,0.213195,0.202281,0.584524,0.584524,3,12
556,1,Positive,4,Cooma Region,0.213195,0.202281,0.584524,0.584524,3,12
416,3,Negative,295,Bundoora - East,0.303817,0.266667,0.429517,0.429517,3,12
417,5,Neutral,295,Bundoora - East,0.303817,0.266667,0.429517,0.429517,3,12
418,4,Positive,295,Bundoora - East,0.303817,0.266667,0.429517,0.429517,3,12
281,2,Negative,246,Brunswick West,0.332297,0.23691,0.430793,0.430793,3,12
282,5,Neutral,246,Brunswick West,0.332297,0.23691,0.430793,0.430793,3,12
283,5,Positive,246,Brunswick West,0.332297,0.23691,0.430793,0.430793,3,12
255,1,Negative,22,Gorokan - Kanwal - Charmhaven,0.287037,0.101852,0.611111,0.611111,3,11
256,4,Neutral,22,Gorokan - Kanwal - Charmhaven,0.287037,0.101852,0.611111,0.611111,3,11
257,6,Positive,22,Gorokan - Kanwal - Charmhaven,0.287037,0.101852,0.611111,0.611111,3,11
85,1,Negative,137,Five Dock - Abbotsford,0.390476,0.285714,0.32381,0.32381,3,11
86,8,Neutral,137,Five Dock - Abbotsford,0.390476,0.285714,0.32381,0.32381,3,11
87,2,Positive,137,Five Dock - Abbotsford,0.390476,0.285714,0.32381,0.32381,3,11
561,6,Neutral,43,Dubbo - South,0.303387,0.372607,0.324006,0.324006,2,11
562,5,Positive,43,Dubbo - South,0.303387,0.372607,0.324006,0.324006,2,11
516,1,Negative,343,Deer Park - Derrimut,0.344961,0.199612,0.455426,0.455426,3,11
517,3,Neutral,343,Deer Park - Derrimut,0.344961,0.199612,0.455426,0.455426,3,11
518,7,Positive,343,Deer Park - Derrimut,0.344961,0.199612,0.455426,0.455426,3,11
407,1,Negative,291,Chelsea - Bonbeach,0.272307,0.430575,0.297118,0.297118,3,11
408,3,Neutral,291,Chelsea - Bonbeach,0.272307,0.430575,0.297118,0.297118,3,11
409,7,Positive,291,Chelsea - Bonbeach,0.272307,0.430575,0.297118,0.297118,3,11
200,3,Neutral,190,Cabramatta - Lansvale,0.302158,0.079137,0.618705,0.618705,2,11
201,8,Positive,190,Cabramatta - Lansvale,0.302158,0.079137,0.618705,0.618705,2,11
638,2,Negative,791,Braddon,0.180215,0.570356,0.249429,0.249429,3,11
639,6,Neutral,791,Braddon,0.180215,0.570356,0.249429,0.249429,3,11
640,3,Positive,791,Braddon,0.180215,0.570356,0.249429,0.249429,3,11
475,1,Negative,323,Berwick - North,0.383929,0.116071,0.5,0.5,3,11
476,3,Neutral,323,Berwick - North,0.383929,0.116071,0.5,0.5,3,11
477,7,Positive,323,Berwick - North,0.383929,0.116071,0.5,0.5,3,11
661,4,Negative,83,Beresfield - Hexham,0.293478,0.157609,0.548913,0.548913,3,11
662,2,Neutral,83,Beresfield - Hexham,0.293478,0.157609,0.548913,0.548913,3,11
663,5,Positive,83,Beresfield - Hexham,0.293478,0.157609,0.548913,0.548913,3,11
572,1,Negative,5,Batemans Bay,0.0,0.0,0.0,0.0,3,11
573,1,Neutral,5,Batemans Bay,0.0,0.0,0.0,0.0,3,11
574,9,Positive,5,Batemans Bay,0.0,0.0,0.0,0.0,3,11
231,1,Negative,204,Ballarat - South,0.36876,0.246377,0.384863,0.384863,3,11
232,6,Neutral,204,Ballarat - South,0.36876,0.246377,0.384863,0.384863,3,11
233,4,Positive,204,Ballarat - South,0.36876,0.246377,0.384863,0.384863,3,11
286,4,Negative,248,Alphington - Fairfield,0.416667,0.240741,0.342593,0.342593,3,11
287,2,Neutral,248,Alphington - Fairfield,0.416667,0.240741,0.342593,0.342593,3,11
288,5,Positive,248,Alphington - Fairfield,0.416667,0.240741,0.342593,0.342593,3,11
431,6,Neutral,302,Gisborne,0.450704,0.122066,0.42723,0.42723,2,10
432,4,Positive,302,Gisborne,0.450704,0.122066,0.42723,0.42723,2,10
462,1,Negative,317,Forest Hill,0.411765,0.142157,0.446078,0.446078,3,10
463,5,Neutral,317,Forest Hill,0.411765,0.142157,0.446078,0.446078,3,10
464,4,Positive,317,Forest Hill,0.411765,0.142157,0.446078,0.446078,3,10
188,2,Negative,183,Eastwood - Denistone,0.176962,0.479857,0.343181,0.343181,3,10
189,3,Neutral,183,Eastwood - Denistone,0.176962,0.479857,0.343181,0.343181,3,10
190,5,Positive,183,Eastwood - Denistone,0.176962,0.479857,0.343181,0.343181,3,10
383,5,Negative,283,Bentleigh East,0.300813,0.284553,0.414634,0.414634,3,10
384,4,Neutral,283,Bentleigh East,0.300813,0.284553,0.414634,0.414634,3,10
385,1,Positive,283,Bentleigh East,0.300813,0.284553,0.414634,0.414634,3,10
386,1,Negative,284,Carnegie,0.327253,0.203997,0.46875,0.46875,3,9
387,5,Neutral,284,Carnegie,0.327253,0.203997,0.46875,0.46875,3,9
388,3,Positive,284,Carnegie,0.327253,0.203997,0.46875,0.46875,3,9
441,2,Negative,307,Campbellfield - Coolaroo,0.329193,0.099379,0.571429,0.571429,3,9
442,4,Neutral,307,Campbellfield - Coolaroo,0.329193,0.099379,0.571429,0.571429,3,9
443,3,Positive,307,Campbellfield - Coolaroo,0.329193,0.099379,0.571429,0.571429,3,9
289,3,Negative,249,Ascot Vale,0.244275,0.206107,0.549618,0.549618,3,9
290,4,Neutral,249,Ascot Vale,0.244275,0.206107,0.549618,0.549618,3,9
291,2,Positive,249,Ascot Vale,0.244275,0.206107,0.549618,0.549618,3,9
506,1,Negative,339,Glen Waverley - East,0.240144,0.470659,0.289197,0.289197,3,8
507,4,Neutral,339,Glen Waverley - East,0.240144,0.470659,0.289197,0.289197,3,8
508,3,Positive,339,Glen Waverley - East,0.240144,0.470659,0.289197,0.289197,3,8
100,4,Neutral,143,Dulwich Hill - Lewisham,0.395349,0.108527,0.496124,0.496124,2,8
101,4,Positive,143,Dulwich Hill - Lewisham,0.395349,0.108527,0.496124,0.496124,2,8
374,6,Neutral,28,Cowra Region,0.411411,0.153153,0.435435,0.435435,2,8
375,2,Positive,28,Cowra Region,0.411411,0.153153,0.435435,0.435435,2,8
405,5,Neutral,290,Carrum - Patterson Lakes,0.302521,0.064426,0.633053,0.633053,2,8
406,3,Positive,290,Carrum - Patterson Lakes,0.302521,0.064426,0.633053,0.633053,2,8
138,1,Negative,160,Camden - Ellis Lane,0.348837,0.195349,0.455814,0.455814,3,8
139,4,Neutral,160,Camden - Ellis Lane,0.348837,0.195349,0.455814,0.455814,3,8
140,3,Positive,160,Camden - Ellis Lane,0.348837,0.195349,0.455814,0.455814,3,8
94,4,Neutral,140,Burwood - Croydon,0.157398,0.612711,0.229891,0.229891,2,8
95,4,Positive,140,Burwood - Croydon,0.157398,0.612711,0.229891,0.229891,2,8
422,4,Neutral,297,Bundoora - North,0.36965,0.229572,0.400778,0.400778,2,8
423,4,Positive,297,Bundoora - North,0.36965,0.229572,0.400778,0.400778,2,8
381,3,Neutral,282,Bentleigh - McKinnon,0.0,0.0,0.0,0.0,2,8
382,5,Positive,282,Bentleigh - McKinnon,0.0,0.0,0.0,0.0,2,8
271,1,Negative,232,Benalla Region,0.344633,0.242938,0.412429,0.412429,3,8
272,1,Neutral,232,Benalla Region,0.344633,0.242938,0.412429,0.412429,3,8
273,6,Positive,232,Benalla Region,0.344633,0.242938,0.412429,0.412429,3,8
67,2,Neutral,130,Belmore - Belfield,0.30315,0.161417,0.535433,0.535433,2,8
68,6,Positive,130,Belmore - Belfield,0.30315,0.161417,0.535433,0.535433,2,8
292,6,Neutral,25,Bathurst Region,0.348993,0.110067,0.54094,0.54094,2,8
293,2,Positive,25,Bathurst Region,0.348993,0.110067,0.54094,0.54094,2,8
522,2,Negative,346,Altona Meadows,0.337079,0.093633,0.569288,0.569288,3,8
523,2,Neutral,346,Altona Meadows,0.337079,0.093633,0.569288,0.569288,3,8
524,4,Positive,346,Altona Meadows,0.337079,0.093633,0.569288,0.569288,3,8
519,2,Negative,345,Altona,0.394026,0.042674,0.5633,0.5633,3,8
520,1,Neutral,345,Altona,0.394026,0.042674,0.5633,0.5633,3,8
521,5,Positive,345,Altona,0.394026,0.042674,0.5633,0.5633,3,8
191,1,Negative,184,Gladesville - Huntleys Point,0.274078,0.39498,0.330943,0.330943,3,7
192,2,Neutral,184,Gladesville - Huntleys Point,0.274078,0.39498,0.330943,0.330943,3,7
193,4,Positive,184,Gladesville - Huntleys Point,0.274078,0.39498,0.330943,0.330943,3,7
207,3,Neutral,194,Fairfield,0.323727,0.256935,0.419337,0.419337,2,7
208,4,Positive,194,Fairfield,0.323727,0.256935,0.419337,0.419337,2,7
220,2,Negative,200,Engadine - Loftus,0.279091,0.18454,0.536369,0.536369,3,7
221,2,Neutral,200,Engadine - Loftus,0.279091,0.18454,0.536369,0.536369,3,7
222,3,Positive,200,Engadine - Loftus,0.279091,0.18454,0.536369,0.536369,3,7
460,2,Neutral,316,Croydon Hills - Warranwood,0.287581,0.352472,0.359948,0.359948,2,7
461,5,Positive,316,Croydon Hills - Warranwood,0.287581,0.352472,0.359948,0.359948,2,7
392,1,Negative,286,Caulfield - South,0.375657,0.155867,0.468476,0.468476,3,7
393,4,Neutral,286,Caulfield - South,0.375657,0.155867,0.468476,0.468476,3,7
394,2,Positive,286,Caulfield - South,0.375657,0.155867,0.468476,0.468476,3,7
9,3,Neutral,101,Castle Hill,0.387919,0.289455,0.322626,0.322626,2,7
10,4,Positive,101,Castle Hill,0.387919,0.289455,0.322626,0.322626,2,7
399,1,Negative,289,Braeside,0.324324,0.067568,0.608108,0.608108,3,7
400,2,Neutral,289,Braeside,0.324324,0.067568,0.608108,0.608108,3,7
401,4,Positive,289,Braeside,0.324324,0.067568,0.608108,0.608108,3,7
360,1,Negative,275,Box Hill North,0.318653,0.353368,0.327979,0.327979,3,7
361,5,Neutral,275,Box Hill North,0.318653,0.353368,0.327979,0.327979,3,7
362,1,Positive,275,Box Hill North,0.318653,0.353368,0.327979,0.327979,3,7
154,5,Neutral,168,Blaxland - Warrimoo - Lapstone,0.387755,0.163265,0.44898,0.44898,2,7
155,2,Positive,168,Blaxland - Warrimoo - Lapstone,0.387755,0.163265,0.44898,0.44898,2,7
6,1,Negative,100,Baulkham Hills (West) - Bella Vista,0.397772,0.071588,0.530641,0.530641,3,7
7,4,Neutral,100,Baulkham Hills (West) - Bella Vista,0.397772,0.071588,0.530641,0.530641,3,7
8,2,Positive,100,Baulkham Hills (West) - Bella Vista,0.397772,0.071588,0.530641,0.530641,3,7
181,1,Negative,18,Bateau Bay - Killarney Vale,0.291066,0.086455,0.622478,0.622478,2,7
182,6,Neutral,18,Bateau Bay - Killarney Vale,0.291066,0.086455,0.622478,0.622478,2,7
438,1,Negative,305,Glenroy - Hadfield,0.26087,0.402174,0.336957,0.336957,2,6
439,5,Neutral,305,Glenroy - Hadfield,0.26087,0.402174,0.336957,0.336957,2,6
446,4,Negative,309,Gladstone Park - Westmeadows,0.345358,0.135029,0.519614,0.519614,2,6
447,2,Neutral,309,Gladstone Park - Westmeadows,0.345358,0.135029,0.519614,0.519614,2,6
546,2,Negative,356,Dromana,0.309278,0.14433,0.546392,0.546392,2,6
547,4,Neutral,356,Dromana,0.309278,0.14433,0.546392,0.546392,2,6
495,1,Negative,335,Dandenong North,0.410256,0.124932,0.464812,0.464812,3,6
496,2,Neutral,335,Dandenong North,0.410256,0.124932,0.464812,0.464812,3,6
497,3,Positive,335,Dandenong North,0.410256,0.124932,0.464812,0.464812,3,6
557,5,Neutral,41,Coonabarabran,0.414097,0.185022,0.400881,0.400881,2,6
558,1,Positive,41,Coonabarabran,0.414097,0.185022,0.400881,0.400881,2,6
77,1,Negative,134,Concord - Mortlake - Cabarita,0.222076,0.48051,0.297414,0.297414,2,6
78,5,Positive,134,Concord - Mortlake - Cabarita,0.222076,0.48051,0.297414,0.297414,2,6
284,3,Neutral,247,Coburg,0.322148,0.114094,0.563758,0.563758,2,6
285,3,Positive,247,Coburg,0.322148,0.114094,0.563758,0.563758,2,6
11,1,Neutral,102,Cherrybrook,0.377095,0.142458,0.480447,0.480447,2,6
12,5,Positive,102,Cherrybrook,0.377095,0.142458,0.480447,0.480447,2,6
424,5,Neutral,298,Bundoora - West,0.415115,0.194962,0.389923,0.389923,2,6
425,1,Positive,298,Bundoora - West,0.415115,0.194962,0.389923,0.389923,2,6
674,1,Neutral,98,Bowral,0.356225,0.343373,0.300402,0.300402,2,6
675,5,Positive,98,Bowral,0.356225,0.343373,0.300402,0.300402,2,6
156,2,Neutral,169,Blue Mountains - North,0.355556,0.15,0.494444,0.494444,2,6
157,4,Positive,169,Blue Mountains - North,0.355556,0.15,0.494444,0.494444,2,6
602,1,Negative,75,Belmont - Bennetts Green,0.241571,0.195984,0.562445,0.562445,3,6
603,3,Neutral,75,Belmont - Bennetts Green,0.241571,0.195984,0.562445,0.562445,3,6
604,2,Positive,75,Belmont - Bennetts Green,0.241571,0.195984,0.562445,0.562445,3,6
369,2,Negative,278,Beaumaris,0.0,0.0,0.0,0.0,2,6
370,4,Positive,278,Beaumaris,0.0,0.0,0.0,0.0,2,6
228,1,Negative,203,Ballarat - North,0.346591,0.161932,0.491477,0.491477,3,6
229,3,Neutral,203,Ballarat - North,0.346591,0.161932,0.491477,0.491477,3,6
230,2,Positive,203,Ballarat - North,0.346591,0.161932,0.491477,0.491477,3,6
548,2,Negative,358,Ararat,0.398964,0.150259,0.450777,0.450777,3,6
549,1,Neutral,358,Ararat,0.398964,0.150259,0.450777,0.450777,3,6
550,3,Positive,358,Ararat,0.398964,0.150259,0.450777,0.450777,3,6
223,1,Neutral,201,Alfredton,0.226835,0.177477,0.595688,0.595688,2,6
224,5,Positive,201,Alfredton,0.226835,0.177477,0.595688,0.595688,2,6
250,2,Neutral,213,Golden Plains - North,0.346939,0.208163,0.444898,0.444898,2,5
251,3,Positive,213,Golden Plains - North,0.346939,0.208163,0.444898,0.444898,2,5
342,3,Negative,268,Glen Iris - East,0.4,0.140187,0.459813,0.459813,3,5
343,1,Neutral,268,Glen Iris - East,0.4,0.140187,0.459813,0.459813,3,5
344,1,Positive,268,Glen Iris - East,0.4,0.140187,0.459813,0.459813,3,5
565,5,Neutral,46,Gilgandra,0.234568,0.37963,0.385802,0.385802,1,5
481,4,Negative,326,Endeavour Hills,0.194107,0.456319,0.349574,0.349574,2,5
482,1,Positive,326,Endeavour Hills,0.194107,0.456319,0.349574,0.349574,2,5
141,2,Negative,161,Elderslie - Harrington Park,0.302726,0.342959,0.354315,0.354315,3,5
142,1,Neutral,161,Elderslie - Harrington Park,0.302726,0.342959,0.354315,0.354315,3,5
143,2,Positive,161,Elderslie - Harrington Park,0.302726,0.342959,0.354315,0.354315,3,5
575,4,Neutral,50,Dungog,0.315789,0.052632,0.631579,0.631579,2,5
576,1,Positive,50,Dungog,0.315789,0.052632,0.631579,0.631579,2,5
559,4,Neutral,42,Dubbo - East,0.405145,0.202572,0.392283,0.392283,2,5
560,1,Positive,42,Dubbo - East,0.405145,0.202572,0.392283,0.392283,2,5
24,3,Neutral,110,Doonside - Woodcroft,0.325476,0.258386,0.416138,0.416138,2,5
25,2,Positive,110,Doonside - Woodcroft,0.325476,0.258386,0.416138,0.416138,2,5
577,2,Negative,53,Dapto - Avondale,0.0,0.0,0.0,0.0,3,5
578,1,Neutral,53,Dapto - Avondale,0.0,0.0,0.0,0.0,3,5
579,2,Positive,53,Dapto - Avondale,0.0,0.0,0.0,0.0,3,5
238,1,Neutral,208,Creswick - Clunes,0.303713,0.109222,0.587066,0.587066,2,5
239,4,Positive,208,Creswick - Clunes,0.303713,0.109222,0.587066,0.587066,2,5
105,1,Negative,145,Chatswood (West) - Lane Cove North,0.345324,0.262313,0.392363,0.392363,3,5
106,1,Neutral,145,Chatswood (West) - Lane Cove North,0.345324,0.262313,0.392363,0.392363,3,5
107,3,Positive,145,Chatswood (West) - Lane Cove North,0.345324,0.262313,0.392363,0.392363,3,5
537,1,Negative,352,Carrum Downs,0.412587,0.104895,0.482517,0.482517,3,5
538,3,Neutral,352,Carrum Downs,0.412587,0.104895,0.482517,0.482517,3,5
539,1,Positive,352,Carrum Downs,0.412587,0.104895,0.482517,0.482517,3,5
175,1,Neutral,177,Carlingford,0.366438,0.068493,0.565068,0.565068,2,5
176,4,Positive,177,Carlingford,0.366438,0.068493,0.565068,0.565068,2,5
69,3,Neutral,131,Canterbury (South) - Campsie,0.289474,0.105263,0.605263,0.605263,2,5
70,2,Positive,131,Canterbury (South) - Campsie,0.289474,0.105263,0.605263,0.605263,2,5
32,4,Neutral,115,Botany,0.279684,0.251803,0.468512,0.468512,2,5
33,1,Positive,115,Botany,0.279684,0.251803,0.468512,0.468512,2,5
16,1,Neutral,106,Bilpin - Colo - St Albans,0.331579,0.331579,0.336842,0.336842,2,5
17,4,Positive,106,Bilpin - Colo - St Albans,0.331579,0.331579,0.336842,0.336842,2,5
478,1,Negative,324,Berwick - South,0.379195,0.201342,0.419463,0.419463,2,5
479,4,Positive,324,Berwick - South,0.379195,0.201342,0.419463,0.419463,2,5
448,4,Neutral,310,Bayswater,0.315789,0.078947,0.605263,0.605263,2,5
449,1,Positive,310,Bayswater,0.315789,0.078947,0.605263,0.605263,2,5
268,2,Neutral,23,Bathurst,0.356177,0.263754,0.380069,0.380069,2,5
269,3,Positive,23,Bathurst,0.356177,0.263754,0.380069,0.380069,2,5
532,2,Neutral,350,Bacchus Marsh,0.408046,0.149425,0.442529,0.442529,2,5
533,3,Positive,350,Bacchus Marsh,0.408046,0.149425,0.442529,0.442529,2,5
551,3,Neutral,359,Ararat Region,0.340615,0.334142,0.325243,0.325243,2,5
552,2,Positive,359,Ararat Region,0.340615,0.334142,0.325243,0.325243,2,5
525,4,Neutral,347,Altona North,0.365503,0.11499,0.519507,0.519507,2,5
526,1,Positive,347,Altona North,0.365503,0.11499,0.519507,0.519507,2,5
587,3,Neutral,58,Figtree - Keiraville,0.288061,0.209097,0.502843,0.502843,2,4
588,1,Positive,58,Figtree - Keiraville,0.288061,0.209097,0.502843,0.502843,2,4
435,1,Negative,304,Fawkner,0.268456,0.127517,0.604027,0.604027,3,4
436,2,Neutral,304,Fawkner,0.268456,0.127517,0.604027,0.604027,3,4
437,1,Positive,304,Fawkner,0.268456,0.127517,0.604027,0.604027,3,4
209,4,Neutral,195,Fairfield - West,0.345052,0.136719,0.518229,0.518229,1,4
672,2,Negative,97,Ettrema - Sassafras - Budawang,0.341352,0.170676,0.487973,0.487973,2,4
673,2,Positive,97,Ettrema - Sassafras - Budawang,0.341352,0.170676,0.487973,0.487973,2,4
171,4,Neutral,175,Erskine Park,0.395161,0.211694,0.393145,0.393145,1,4
149,2,Neutral,166,Douglas Park - Appin,0.412666,0.110162,0.477172,0.477172,2,4
150,2,Positive,166,Douglas Park - Appin,0.412666,0.110162,0.477172,0.477172,2,4
647,3,Neutral,794,Dickson,0.120718,0.03752,0.841762,0.841762,2,4
648,1,Positive,794,Dickson,0.120718,0.03752,0.841762,0.841762,2,4
483,2,Neutral,327,Cranbourne,0.35,0.186364,0.463636,0.463636,2,4
484,2,Positive,327,Cranbourne,0.35,0.186364,0.463636,0.463636,2,4
433,2,Neutral,303,Coburg North,0.226263,0.234343,0.539394,0.539394,2,4
434,2,Positive,303,Coburg North,0.226263,0.234343,0.539394,0.539394,2,4
212,1,Negative,197,Chipping Norton - Moorebank,0.405405,0.087838,0.506757,0.506757,3,4
213,1,Neutral,197,Chipping Norton - Moorebank,0.405405,0.087838,0.506757,0.506757,3,4
214,2,Positive,197,Chipping Norton - Moorebank,0.405405,0.087838,0.506757,0.506757,3,4
204,1,Negative,192,Canley Vale - Canley Heights,0.361276,0.175074,0.46365,0.46365,3,4
205,1,Neutral,192,Canley Vale - Canley Heights,0.361276,0.175074,0.46365,0.46365,3,4
206,2,Positive,192,Canley Vale - Canley Heights,0.361276,0.175074,0.46365,0.46365,3,4
164,2,Negative,171,Cambridge Park,0.247788,0.20354,0.548673,0.548673,3,4
165,1,Neutral,171,Cambridge Park,0.247788,0.20354,0.548673,0.548673,3,4
166,1,Positive,171,Cambridge Park,0.247788,0.20354,0.548673,0.548673,3,4
668,1,Negative,95,Callala Bay - Currarong,0.416667,0.112896,0.470438,0.470438,3,4
669,2,Neutral,95,Callala Bay - Currarong,0.416667,0.112896,0.470438,0.470438,3,4
670,1,Positive,95,Callala Bay - Currarong,0.416667,0.112896,0.470438,0.470438,3,4
218,2,Neutral,20,Budgewoi - Buff Point - Halekulani,0.307181,0.134309,0.558511,0.558511,2,4
219,2,Positive,20,Budgewoi - Buff Point - Halekulani,0.307181,0.134309,0.558511,0.558511,2,4
440,4,Neutral,306,Broadmeadows,0.337242,0.25219,0.410568,0.410568,1,4
197,2,Negative,189,Bossley Park - Abbotsbury,0.172703,0.539459,0.287838,0.287838,2,4
198,2,Positive,189,Bossley Park - Abbotsbury,0.172703,0.539459,0.287838,0.287838,2,4
636,1,Neutral,79,Bolton Point - Teralba,0.380062,0.158879,0.461059,0.461059,2,4
637,3,Positive,79,Bolton Point - Teralba,0.380062,0.158879,0.461059,0.461059,2,4
22,3,Neutral,109,Blacktown (South),0.291667,0.158333,0.55,0.55,2,4
23,1,Positive,109,Blacktown (South),0.291667,0.158333,0.55,0.55,2,4
62,2,Negative,127,Bass Hill - Georges Hall,0.327381,0.172619,0.5,0.5,2,4
63,2,Neutral,127,Bass Hill - Georges Hall,0.327381,0.172619,0.5,0.5,2,4
335,2,Neutral,265,Balwyn,0.333333,0.255814,0.410853,0.410853,2,4
336,2,Positive,265,Balwyn,0.333333,0.255814,0.410853,0.410853,2,4
622,2,Negative,780,Gooromon,0.321821,0.199765,0.478414,0.478414,2,3
623,1,Positive,780,Gooromon,0.321821,0.199765,0.478414,0.478414,2,3
617,1,Neutral,779,Giralang,0.083682,0.008368,0.90795,0.90795,2,3
618,2,Positive,779,Giralang,0.083682,0.008368,0.90795,0.90795,2,3
264,3,Positive,226,Geelong,0.390394,0.11484,0.494766,0.494766,1,3
543,1,Neutral,354,Frankston North,0.45122,0.060976,0.487805,0.487805,2,3
544,2,Positive,354,Frankston North,0.45122,0.060976,0.487805,0.487805,2,3
594,1,Neutral,60,Forster,0.401235,0.145062,0.453704,0.453704,2,3
595,2,Positive,60,Forster,0.401235,0.145062,0.453704,0.453704,2,3
186,1,Neutral,182,Epping - North Epping,0.276978,0.079137,0.643885,0.643885,2,3
187,2,Positive,182,Epping - North Epping,0.276978,0.079137,0.643885,0.643885,2,3
589,2,Neutral,586,Enfield - Blair Athol,0.399123,0.27193,0.328947,0.328947,2,3
590,1,Positive,586,Enfield - Blair Athol,0.399123,0.27193,0.328947,0.328947,2,3
480,3,Neutral,325,Doveton,0.327273,0.063636,0.609091,0.609091,1,3
498,1,Negative,336,Dingley Village,0.301406,0.244288,0.454306,0.454306,2,3
499,2,Neutral,336,Dingley Village,0.301406,0.244288,0.454306,0.454306,2,3
125,3,Neutral,155,Cromer,0.392736,0.099886,0.507378,0.507378,1,3
210,2,Neutral,196,Casula,0.348148,0.088889,0.562963,0.562963,2,3
211,1,Positive,196,Casula,0.348148,0.088889,0.562963,0.562963,2,3
96,1,Negative,141,Canterbury (North) - Ashbury,0.328059,0.219409,0.452532,0.452532,3,3
97,1,Neutral,141,Canterbury (North) - Ashbury,0.328059,0.219409,0.452532,0.452532,3,3
98,1,Positive,141,Canterbury (North) - Ashbury,0.328059,0.219409,0.452532,0.452532,3,3
513,1,Negative,342,Cairnlea,0.278075,0.245989,0.475936,0.475936,3,3
514,1,Neutral,342,Cairnlea,0.278075,0.245989,0.475936,0.475936,3,3
515,1,Positive,342,Cairnlea,0.278075,0.245989,0.475936,0.475936,3,3
591,3,Neutral,59,Bulahdelah - Stroud,0.479167,0.260417,0.260417,0.260417,1,3
337,1,Neutral,266,Balwyn North,0.35124,0.252066,0.396694,0.396694,2,3
338,2,Positive,266,Balwyn North,0.35124,0.252066,0.396694,0.396694,2,3
194,3,Neutral,186,Badgerys Creek - Greendale,0.342784,0.314433,0.342784,0.342784,1,3
247,2,Neutral,211,Avoca,0.236246,0.12945,0.634304,0.634304,2,3
248,1,Positive,211,Avoca,0.236246,0.12945,0.634304,0.634304,2,3
111,1,Neutral,148,Gordon - Killara,0.32948,0.312139,0.358382,0.358382,2,2
112,1,Positive,148,Gordon - Killara,0.32948,0.312139,0.358382,0.358382,2,2
597,1,Negative,62,Gloucester,0.341199,0.109014,0.549788,0.549788,2,2
598,1,Positive,62,Gloucester,0.341199,0.109014,0.549788,0.549788,2,2
592,2,Neutral,590,Glenelg (SA),0.0,0.0,0.0,0.0,1,2
657,2,Positive,812,Garran,0.328125,0.067708,0.604167,0.604167,1,2
596,2,Neutral,602,Flagstaff Hill,0.322414,0.074138,0.603448,0.603448,1,2
414,1,Neutral,294,Edithvale - Aspendale,0.309764,0.175084,0.515152,0.515152,2,2
415,1,Positive,294,Edithvale - Aspendale,0.309764,0.175084,0.515152,0.515152,2,2
58,2,Positive,124,Dover Heights,0.393675,0.152126,0.454198,0.454198,1,2
234,2,Positive,206,Delacombe,0.324149,0.175041,0.50081,0.50081,1,2
649,2,Neutral,796,Deakin,0.387531,0.189487,0.422983,0.422983,1,2
584,2,Positive,57,Corrimal - Tarrawanna - Bellambi,0.313725,0.117647,0.568627,0.568627,1,2
64,1,Negative,129,Condell Park,0.386179,0.207317,0.406504,0.406504,2,2
65,1,Neutral,129,Condell Park,0.386179,0.207317,0.406504,0.406504,2,2
491,2,Neutral,333,Clayton South,0.356037,0.117647,0.526316,0.526316,1,2
614,1,Neutral,772,Charnwood,0.321192,0.10596,0.572848,0.572848,2,2
615,1,Positive,772,Charnwood,0.321192,0.10596,0.572848,0.572848,2,2
202,1,Neutral,191,Cabramatta West - Mount Pritchard,0.259288,0.228393,0.512319,0.512319,2,2
203,1,Positive,191,Cabramatta West - Mount Pritchard,0.259288,0.228393,0.512319,0.512319,2,2
3,1,Negative,1,Braidwood,0.317166,0.316215,0.366619,0.366619,2,2
4,1,Positive,1,Braidwood,0.317166,0.316215,0.366619,0.366619,2,2
21,2,Positive,108,Blacktown (North) - Marayong,0.360556,0.276281,0.363162,0.363162,1,2
27,2,Neutral,112,Bidwill - Hebersham - Emerton,0.289373,0.345566,0.365061,0.365061,1,2
249,2,Positive,212,Beaufort,0.17425,0.549934,0.275817,0.275817,1,2
471,2,Positive,320,Beaconsfield - Officer,0.352074,0.224971,0.422955,0.422955,1,2
456,2,Neutral,314,Bayswater North,0.259024,0.426526,0.31445,0.31445,1,2
676,1,Neutral,99,Baulkham Hills (East),0.341667,0.191667,0.466667,0.466667,2,2
677,1,Positive,99,Baulkham Hills (East),0.341667,0.191667,0.466667,0.466667,2,2
66,2,Positive,13,Avoca Beach - Copacabana,0.151515,0.136364,0.712121,0.712121,1,2
398,2,Neutral,288,Aspendale Gardens - Waterways,0.256098,0.042683,0.70122,0.70122,1,2
630,1,Neutral,783,Amaroo,0.225641,0.509402,0.264957,0.264957,2,2
631,1,Positive,783,Amaroo,0.225641,0.509402,0.264957,0.264957,2,2
585,1,Neutral,573,Adelaide,0.301435,0.191388,0.507177,0.507177,2,2
586,1,Positive,573,Adelaide,0.301435,0.191388,0.507177,0.507177,2,2
26,1,Negative,111,Glenwood,0.273407,0.388166,0.338427,0.338427,1,1
545,1,Positive,355,Frankston South,0.388416,0.153322,0.458262,0.458262,1,1
650,1,Neutral,797,Forrest,0.315447,0.123577,0.560976,0.560976,1,1
128,1,Neutral,157,Forestville - Killarney Heights,0.281535,0.228955,0.48951,0.48951,1,1
616,1,Positive,776,Florey,0.376176,0.050157,0.573668,0.573668,1,1
270,1,Positive,230,Euroa,0.253653,0.248608,0.497738,0.497738,1,1
430,1,Positive,301,Essendon Airport,0.357488,0.328502,0.31401,0.31401,1,1
170,1,Positive,173,Emu Plains - Leonay,0.375716,0.241695,0.382589,0.382589,1,1
656,1,Negative,81,Edgeworth - Cameron Park,0.414063,0.15625,0.429688,0.429688,1,1
655,1,Neutral,807,Duffy,0.412162,0.128378,0.459459,0.459459,1,1
455,1,Neutral,313,Donvale - Park Orchards,0.259615,0.149038,0.591346,0.591346,1,1
671,1,Positive,96,Culburra Beach,0.21058,0.035605,0.753815,0.753815,1,1
99,1,Neutral,142,Croydon Park - Enfield,0.240134,0.163211,0.596656,0.596656,1,1
489,1,Neutral,331,Cranbourne West,0.27907,0.162791,0.55814,0.55814,1,1
488,1,Negative,330,Cranbourne South,0.343511,0.152672,0.503817,0.503817,1,1
553,1,Neutral,368,Corangamite - North,0.243976,0.423926,0.332098,0.332098,1,1
664,1,Positive,93,Cootamundra,0.391304,0.217391,0.391304,0.391304,1,1
148,1,Neutral,164,Claymore - Eagle Vale - Raby,0.395437,0.159696,0.444867,0.444867,1,1
490,1,Positive,332,Clarinda - Oakleigh South,0.33871,0.16129,0.5,0.5,1,1
593,1,Neutral,599,Christies Beach,0.394191,0.170124,0.435685,0.435685,1,1
243,1,Positive,21,Chittaway Bay - Tumbi Umbi,0.326923,0.253846,0.419231,0.419231,1,1
654,1,Positive,801,Chisholm,0.355932,0.065913,0.578154,0.578154,1,1
180,1,Neutral,179,Chester Hill - Sefton,0.26875,0.05625,0.675,0.675,1,1
410,1,Positive,292,Chelsea Heights,0.258621,0.043103,0.698276,0.698276,1,1
601,1,Neutral,734,Central Highlands,0.30531,0.123894,0.570796,0.570796,1,1
632,1,Negative,785,Casey,0.290076,0.10687,0.603053,0.603053,1,1
653,1,Neutral,800,Calwell,0.300023,0.095195,0.604782,0.604782,1,1
274,1,Positive,234,Bright - Mount Beauty,0.325605,0.175403,0.498992,0.498992,1,1
144,1,Neutral,162,Bradbury - Wedderburn,0.392045,0.136364,0.471591,0.471591,1,1
652,1,Neutral,80,Bonnells Bay - Silverwater,0.314516,0.137097,0.548387,0.548387,1,1
199,1,Neutral,19,Blue Haven - San Remo,0.391525,0.09719,0.511285,0.511285,1,1
356,1,Neutral,273,Blackburn South,0.281818,0.436364,0.281818,0.281818,1,1
124,1,Positive,154,Beacon Hill - Narraweena,0.323699,0.109827,0.566474,0.566474,1,1
31,1,Positive,114,Banksmeadow,0.400749,0.205993,0.393258,0.393258,1,1
651,1,Positive,798,Banks,0.321996,0.137809,0.540194,0.540194,1,1
600,1,Negative,724,Austins Ferry - Granton,0.3104,0.1648,0.5248,0.5248,1,1
512,1,Neutral,341,Ardeer - Albion,0.260507,0.399091,0.340401,0.340401,1,1
599,1,Neutral,65,Albury - South,0.338983,0.415254,0.245763,0.245763,1,1
429,1,Negative,300,Airport West,0.327025,0.118471,0.554504,0.554504,1,1
