{"organisation":"PSMA","name":"postcode","title":"PSMA Postcodes (Polygon) (August 2016)","legal":{"copyrightYear":"2016","attributionYear":"2016","attribution":"{datasource.organisationTitle}, {dataset.title}; accessed from AURIN Portal on {dateOfAccess}.","clickthrough":true,"additionalInformation":["Refer to the Product Description for further information <a href='https://www.psma.com.au/sites/default/files/postcode_boundaries_product_description.pdf' target='_blank'> https://www.psma.com.au/sites/default/files/postcode_boundaries_product_description.pdf"],"licenceType":"Data Licence (PSMA Distribution Pty Limited)","dataDisclaimer":"PSMA Australia Limited endeavours to ensure that its spatial and address data is accurate and complete by using source data primarily from Australia's federal, state and territory governments. However, PSMA spatial and address data is provided 'as is' and neither PSMA Australia Limited, nor its distributors, nor Australia's federal, state and territory governments, nor any other providers of source data for PSMA Data make any representations or provide any warranties (express or implied) about the accuracy or completeness of PSMA spatial and address data, or its fitness for any particular purpose. PSMA Australia Limited, its distributors, Australia's federal, state and territory governments and any other providers of source data for PSMA Data have no liability (including liability in negligence) for any losses suffered (including any loss of profits or any other consequential loss) or expenses incurred arising from PSMA spatial or address data being inaccurate or incomplete in any way for any reason.<br><br>For Copyright and Disclaimer Notice see <a href='https://www.psma.com.au/psma-copyright-and-disclaimer-notice' target='_blank'>https://www.psma.com.au/psma-copyright-and-disclaimer-notice</a>","termsUrl":"https://apps.aurin.org.au/gate/copyright/PSMA/PSMA_terms.pdf","copyrightNotice":"Administrative Boundaries, CadLite, Features of Interest, G-NAF, G-NAF Lite, G-NAF Lice, Land Tenure, Postcode Boundaries and Transport and Topography are &copy; PSMA Australia Limited."},"referenceSystemIdentifier":"urn:x-ogc:def:crs:EPSG:4283","geoLevel":"NA","key":"pc_pid","keyRegex":null,"availability":"true","geomField":"wkb_geometry","keyword":"postcode, postal area","theme":null,"temporalExtent":{"beginDate":"2016-08-01T00:00:00","endDate":"2016-08-01T11:59:59","selectTime":false},"type":"dataset","_id":"dataset-PSMA-postcode-NA","bbox":null,"abstract":"Postcodes are allocated to geographic areas to facilitate the efficient processing and delivery of mail to customers. The current four digit numeric postcode system was introduced in 1967 in association with the first mechanised mail processing centre in Australia. The government land administration agencies in each state and territory are responsible for gazetting locality names and boundary positions. Postcodes are only allocated to localities officially gazetted by land agencies. In the majority of circumstances, a postcode covers an area comprising of more than one locality. The decision as to whether a new postcode or an existing postcode is to be allocated to a locality is based on operational efficiency. Issues that underpin the decision are critically analysed; these include the configuration of the Australia Post network, transportation connections and delivery arrangements. All suburb/locality data used for the polygon geometry in postcodes is captured by the state and territory governments through appropriate agencies. The digital suburb/locality boundaries and their legal identifiers have been derived from the cadastre data from each Australian state and territory jurisdiction. The postcodes are provided by Australia Post and are required to facilitate the efficient processing and delivery of mail to customers. Refer to the Product Description for further information <a href='https://www.psma.com.au/sites/default/files/postcode_boundaries_product_description.pdf' target='_blank'>https://www.psma.com.au/sites/default/files/postcode_boundaries_product_description.pdf","selectedAttributes":[{"name":"pc_pid","type":"java.lang.String","title":"Unique Identifier","description":"PSMA Unique Identifier. The Persistent Identifier is unique to the real world feature this record represents.","stype":"nominal","isDimension":false},{"name":"postcode","type":"java.lang.String","title":"Postcode","description":"The postcode.","stype":"nominal","isDimension":false},{"name":"pc_cs_code","type":"java.lang.String","title":"Postcode Class","description":"Postcode class.","stype":"nominal","isDimension":false},{"name":"wkb_geometry","type":"com.vividsolutions.jts.geom.MultiPolygon","title":"Geometry","description":"Geometry Field","stype":"nominal","isDimension":false},{"name":"state_pid","type":"java.lang.String","title":"State or Territory Identifier","description":"State Persistent Identifier. The state or territory of this feature.","stype":"nominal","isDimension":false}],"filter":{"filterType":"tabular","spatial":{"bbox":[140.961681984,-39.1591895275,149.976679008,-33.9806475865]},"states":["2"]}}