tfr_1_births_1_11_12_11, area_code, area_name, tfr_2_rate_1_11_12_11
274.0,210052751,"Bellarine - Inner",1.91
109.0,255200741,"Bass Coast (S) - Phillip Is.",1.95
290.0,205405713,"Nillumbik (S) - South",1.83
281.0,205405715,"Nillumbik (S) - South-West",1.81
124.0,205054601,"Melbourne (C) - Inner",0.66
174.0,205054605,"Melbourne (C) - S'bank-D'lands",0.87
670.0,205054608,"Melbourne (C) - Remainder",1.06
83.0,205405718,"Nillumbik (S) Bal",1.82
1155.0,205407071,"Whittlesea (C) - North",2.16
485.0,205407075,"Whittlesea (C) - South-East",1.52
798.0,205407076,"Whittlesea (C) - South-West",1.89
315.0,205451111,"Boroondara (C) - Camberwell N.",1.43
686.0,205055901,"Port Phillip (C) - St Kilda",1.05
114.0,205504211,"Manningham (C) - East",1.54
915.0,205504214,"Manningham (C) - West",1.55
588.0,205055902,"Port Phillip (C) - West",1.31
520.0,205056351,"Stonnington (C) - Prahran",1.03
640.0,205057351,"Yarra (C) - North",1.29
390.0,205057352,"Yarra (C) - Richmond",1.23
1088.0,205101181,"Brimbank (C) - Keilor",1.71
1714.0,205101182,"Brimbank (C) - Sunshine",1.99
836.0,205103111,"Hobsons Bay (C) - Altona",2.08
491.0,205103112,"Hobsons Bay (C) - Williamstown",2.01
1257.0,205104330,"Maribyrnong (C)",1.87
870.0,205105063,"Moonee Valley (C) - Essendon",1.56
496.0,205105065,"Moonee Valley (C) - West",1.68
1206.0,205204651,"Melton (S) - East",2.19
829.0,205204654,"Melton (S) Bal",2.06
1830.0,205207261,"Wyndham (C) - North",2.07
836.0,205207264,"Wyndham (C) - South",2.24
507.0,205207267,"Wyndham (C) - West",2.1
641.0,205255251,"Moreland (C) - Brunswick",1.27
811.0,205255252,"Moreland (C) - Coburg",1.77
859.0,205255253,"Moreland (C) - North",2.07
957.0,205300661,"Banyule (C) - Heidelberg",1.89
765.0,205300662,"Banyule (C) - North",1.84
715.0,205301891,"Darebin (C) - Northcote",1.5
1343.0,205301892,"Darebin (C) - Preston",1.78
979.0,205353271,"Hume (C) - Broadmeadows",2.11
1234.0,205353274,"Hume (C) - Craigieburn",2.01
479.0,205353275,"Hume (C) - Sunbury",1.98
505.0,205451112,"Boroondara (C) - Camberwell S.",1.69
444.0,205451113,"Boroondara (C) - Hawthorn",1.29
292.0,205451114,"Boroondara (C) - Kew",1.47
646.0,205504971,"Monash (C) - South-West",1.58
519.0,205504974,"Monash (C) - Waverley East",1.5
729.0,205852171,"Frankston (C) - East",2.0
1027.0,205852174,"Frankston (C) - West",1.95
466.0,205905341,"Mornington P'sula (S) - East",1.95
465.0,205905344,"Mornington P'sula (S) - South",2.04
527.0,205905345,"Mornington P'sula (S) - West",1.88
655.0,205504975,"Monash (C) - Waverley West",1.52
603.0,205506981,"Whitehorse (C) - Box Hill",1.56
611.0,205506984,"Whitehorse (C) - Nunawading E.",1.74
655.0,205506985,"Whitehorse (C) - Nunawading W.",1.75
852.0,205553672,"Knox (C) - North-East",1.82
450.0,205553673,"Knox (C) - North-West",1.63
474.0,205553674,"Knox (C) - South",1.85
782.0,205554411,"Maroondah (C) - Croydon",1.85
612.0,205554412,"Maroondah (C) - Ringwood",1.92
195.0,205607451,"Yarra Ranges (S) - Central",2.12
322.0,205607452,"Yarra Ranges (S) - Dandenongs",1.9
952.0,205607453,"Yarra Ranges (S) - Lilydale",1.92
136.0,205607454,"Yarra Ranges (S) - North",1.87
184.0,205607456,"Yarra Ranges (S) - Seville",1.96
738.0,210052752,"Corio - Inner",1.91
343.0,205650911,"Bayside (C) - Brighton",1.67
602.0,205650912,"Bayside (C) - South",1.86
235.0,210106493,"Surf Coast (S) - East",2.09
85.0,210106495,"Surf Coast (S) - West",1.92
1095.0,205652311,"Glen Eira (C) - Caulfield",1.63
84.0,235101671,"C. Goldfields (S) - M'borough",2.24
40.0,235101674,"C. Goldfields (S) Bal",2.38
114.0,235102628,"Gr. Bendigo (C) - Pt B",2.37
35.0,235103943,"Loddon (S) - North",2.93
31.0,235103945,"Loddon (S) - South",1.89
615.0,205652314,"Glen Eira (C) - South",1.81
1241.0,205653431,"Kingston (C) - North",1.8
678.0,205653434,"Kingston (C) - South",1.85
456.0,205656352,"Stonnington (C) - Malvern",1.38
1011.0,205752671,"Gr. Dandenong (C) - Dandenong",2.11
1722.0,205801613,"Casey (C) - Cranbourne",2.23
662.0,205801616,"Casey (C) - Hallam",1.8
1178.0,205752674,"Gr. Dandenong (C) Bal",1.87
282.0,205801452,"Cardinia (S) - North",1.96
865.0,205801453,"Cardinia (S) - Pakenham",2.3
72.0,205801454,"Cardinia (S) - South",2.11
1318.0,205801612,"Casey (C) - Berwick",2.03
272.0,205801618,"Casey (C) - South",2.02
169.0,210052753,"Geelong",1.7
64.0,235105431,"Mount Alexander (S) - C'maine",2.19
79.0,235105434,"Mount Alexander (S) Bal",1.67
112.0,235204131,"Macedon Ranges (S) - Kyneton",2.1
119.0,235204134,"Macedon Ranges (S) - Romsey",1.88
249.0,235204135,"Macedon Ranges (S) Bal",2.06
711.0,240052831,"Gr. Shepparton (C) - Pt A",2.21
168.0,240101371,"Campaspe (S) - Echuca",2.22
141.0,240101374,"Campaspe (S) - Kyabram",2.26
76.0,240101375,"Campaspe (S) - Rochester",2.19
26.0,240101376,"Campaspe (S) - South",2.47
33.0,240102834,"Gr. Shepparton (C) - Pt B East",1.93
119.0,240102835,"Gr. Shepparton (C) - Pt B West",2.27
110.0,240104901,"Moira (S) - East",2.38
218.0,240104904,"Moira (S) - West",2.31
206.0,210052754,"Geelong West",1.87
85.0,210052755,"Newtown",1.55
80.0,240156430,"Strathbogie (S)",2.14
0.0,240158249,"Mount Buller Alpine Resort",null
0.0,240158349,"Mount Stirling Alpine Resort",null
145.0,240204851,"Mitchell (S) - North",2.23
343.0,240204854,"Mitchell (S) - South",2.21
61.0,240205621,"Murrindindi (S) - East",2.08
69.0,240205622,"Murrindindi (S) - West",2.48
0.0,240208149,"Lake Mountain Alpine Resort",null
116.0,245053351,"Indigo (S) - Pt A",2.12
19.0,245056671,"Towong (S) - Pt A",1.84
520.0,245057170,"Wodonga (RC)",2.1
35.0,245103352,"Indigo (S) - Pt B",1.93
224.0,245106701,"Wangaratta (RC) - Central",2.14
39.0,245106704,"Wangaratta (RC) - North",2.24
51.0,245106705,"Wangaratta (RC) - South",2.18
54.0,245150111,"Alpine (S) - East",2.03
35.0,245150112,"Alpine (S) - West",1.74
34.0,245156672,"Towong (S) - Pt B",2.36
628.0,210052756,"South Barwon - Inner",1.81
420.0,210102757,"Greater Geelong (C) - Pt B",2.04
18.0,210106080,"Queenscliffe (B)",1.61
176.0,210151751,"Colac-Otway (S) - Colac",2.5
59.0,210151754,"Colac-Otway (S) - North",2.08
31.0,210151755,"Colac-Otway (S) - South",2.12
83.0,210152491,"Golden Plains (S) - North-West",2.51
127.0,210152492,"Golden Plains (S) - South-East",2.06
26.0,210152758,"Greater Geelong (C) - Pt C",1.7
396.0,215016730,"Warrnambool (C)",1.98
100.0,215051831,"Corangamite (S) - North",2.51
81.0,215051832,"Corangamite (S) - South",2.28
29.0,215055491,"Moyne (S) - North-East",2.62
32.0,215055493,"Moyne (S) - North-West",2.58
118.0,215055496,"Moyne (S) - South",2.29
0.0,245158109,"Falls Creek Alpine Resort",null
0.0,215058469,"Lady Julia Percy Island",null
55.0,215102411,"Glenelg (S) - Heywood",2.26
21.0,215102412,"Glenelg (S) - North",1.84
117.0,215102413,"Glenelg (S) - Portland",1.74
100.0,215106261,"S. Grampians (S) - Hamilton",1.85
21.0,215106264,"S. Grampians (S) - Wannon",2.32
48.0,215106265,"S. Grampians (S) Bal",2.53
0.0,255108209,"Mount Baw Baw Alpine Resort",null
432.0,220050571,"Ballarat (C) - Central",1.78
416.0,220050572,"Ballarat (C) - Inner North",2.05
11.0,220050573,"Ballarat (C) - North",3.21
348.0,220050574,"Ballarat (C) - South",2.0
72.0,220102911,"Hepburn (S) - East",1.91
68.0,220102912,"Hepburn (S) - West",2.46
208.0,220105151,"Moorabool (S) - Bacchus Marsh",1.94
67.0,220105154,"Moorabool (S) - Ballan",2.17
36.0,220105155,"Moorabool (S) - West",1.94
115.0,220150260,"Ararat (RC)",2.26
38.0,220155991,"Pyrenees (S) - North",2.19
34.0,220155994,"Pyrenees (S) - South",2.68
205.0,225053191,"Horsham (RC) - Central",1.97
40.0,225053194,"Horsham (RC) Bal",2.13
31.0,225055811,"N. Grampians (S) - St Arnaud",1.96
83.0,225055814,"N. Grampians (S) - Stawell",1.8
41.0,225056890,"West Wimmera (S)",2.51
46.0,225102980,"Hindmarsh (S)",1.99
12.0,225107631,"Yarriambiack (S) - North",2.77
61.0,225107632,"Yarriambiack (S) - South",2.54
690.0,230054781,"Mildura (RC) - Pt A",2.21
23.0,230101271,"Buloke (S) - North",2.43
20.0,230101272,"Buloke (S) - South",1.92
33.0,230104782,"Mildura (RC) - Pt B",2.51
97.0,230152250,"Gannawarra (S)",2.23
256.0,255200744,"Bass Coast (S) Bal",2.29
138.0,255206171,"South Gippsland (S) - Central",2.18
49.0,255206174,"South Gippsland (S) - East",2.41
102.0,255206175,"South Gippsland (S) - West",2.15
0.0,255208529,"French Island",null
0.0,255208649,"Bass Strait Islands",null
145.0,230156611,"Swan Hill (RC) - Central",2.31
68.0,230156614,"Swan Hill (RC) - Robinvale",2.72
89.0,230156616,"Swan Hill (RC) Bal",2.86
237.0,235052621,"Gr. Bendigo (C) - Central",1.87
149.0,235052622,"Gr. Bendigo (C) - Eaglehawk",2.24
292.0,235052623,"Gr. Bendigo (C) - Inner East",1.87
187.0,235052624,"Gr. Bendigo (C) - Inner North",2.13
259.0,235052625,"Gr. Bendigo (C) - Inner West",2.18
120.0,235052626,"Gr. Bendigo (C) - S'saye",2.24
85.0,240151011,"Benalla (RC) - Benalla",2.01
20.0,240151014,"Benalla (RC) Bal",1.93
88.0,240154250,"Mansfield (S)",2.25
0.0,245158309,"Mount Hotham Alpine Resort",null
324.0,250052111,"E. Gippsland (S) - Bairnsdale",2.37
85.0,250052113,"E. Gippsland (S) - Orbost",2.35
48.0,250052115,"E. Gippsland (S) - South-West",2.42
23.0,250052117,"E. Gippsland (S) Bal",2.32
38.0,250156811,"Wellington (S) - Alberton",1.83
55.0,250156812,"Wellington (S) - Avon",2.17
112.0,250156813,"Wellington (S) - Maffra",2.25
61.0,250156814,"Wellington (S) - Rosedale",2.03
197.0,250156815,"Wellington (S) - Sale",2.09
54.0,255050831,"Baw Baw (S) - Pt A",2.25
208.0,255053811,"Latrobe (C) - Moe",1.91
293.0,255053814,"Latrobe (C) - Morwell",2.04
424.0,255053815,"Latrobe (C) - Traralgon",2.03
29.0,255053818,"Latrobe (C) Bal",2.76
42.0,255100834,"Baw Baw (S) - Pt B East",1.88
420.0,255100835,"Baw Baw (S) - Pt B West",2.21
0.0,255107458,"Yarra Ranges (S) - Pt B",null
