{"organisation":"TUA_PHIDU","name":"sla11_fertility","title":"SLA11 Fertility","legal":{"copyrightYear":"2014","attributionYear":"2014","attribution":"{datasource.organisationTitle}, ({dataset.attributionYear}): {dataset.title}; accessed from AURIN Portal on {dateOfAccess}.","clickthrough":false,"licenceType":"Creative Commons Attribution-NonCommercial-ShareAlike 3.0 Australia (CC BY-NC-SA 3.0 AU)","copyrightNotice":"&copy; {datasource.organisationTitle} {dataset.copyrightYear}"},"referenceSystemIdentifier":"EPSG:4283","geoLevel":"sla2011","key":"area_code","keyRegex":null,"availability":"true","geomField":"wkb_geometry","keyword":"fertility, fertility rate, births, mothers, babies, demographic, population","theme":null,"temporalExtent":{"beginDate":"2011-01-01T00:00:00","endDate":"2011-12-31T00:00:00","selectTime":false},"type":"dataset","_id":"dataset-TUA_PHIDU-sla11_fertility-sla2011","bbox":null,"abstract":"Fertility rate of woman aged 15 to 49 years is compiled from births data, 2006 to 2011: Births, Australia, 2011 (ABS Cat. no. 3301.0).","selectedAttributes":[{"name":"area_code","type":"java.lang.Integer","title":"Statistical Local Area Code","description":"Statistical Local Area code (2011)","stype":"nominal","isDimension":false},{"name":"area_name","type":"java.lang.String","title":"Statistical Local Area Name","description":"Statistical Local Area name (2011)","stype":"nominal","isDimension":false},{"name":"tfr_1_births_1_11_12_11","type":"java.lang.Double","title":"Births - Count","description":"Total number of births to women 15 to 49 years of age from 2011. Data are not shown for SLAs recording fewer than 5 births. Source: Compiled from ABS data from Table 3: Births, Summary, Statistical Local Area?2006 to 2011: Births, Australia, 2011 (ABS Cat. no. 3301.0).","stype":"ratio","isDimension":false},{"name":"tfr_2_rate_1_11_12_11","type":"java.lang.Double","title":"Total Fertility Rate","description":"Total fertility rate for women 15 to 49 years of age from 2011. Data are not shown for SLAs recording fewer than 5 births. Source: Compiled from ABS data from Table 3: Births, Summary, Statistical Local Area?2006 to 2011: Births, Australia, 2011 (ABS Cat. no. 3301.0).","stype":"ratio","isDimension":false}],"filter":{"filterType":"tabular","feature":{"key":"area_code","geoLevel":"sla2011","geoField":"ignored","year":"2006","featureBbox":[140.961681984,-39.159189527500004,149.976679008,-33.9806475865],"featureType":"ste","featureInstance":"2","featureName":"Victoria","referenceSystemIdentifier":"EPSG:4283","prefix":"","keyTransform":null},"states":["2"]}}