{"organisation":"RAI","name":"RIA:RIA_2011_Labour_Indicators","title":"LGA Labour Market Efficiency 2011","legal":{"copyrightYear":"2011","attributionYear":"2011","attribution":"{datasource.organisationTitle}, ({dataset.attributionYear}): {dataset.title}; accessed from AURIN Portal on {dateOfAccess}.","clickthrough":false,"licenceType":"Creative Commons Attribution-NonCommercial 3.0 Australia (CC BY-NC 3.0 AU)","copyrightNotice":"&copy; {datasource.organisationTitle} {dataset.copyrightYear}"},"referenceSystemIdentifier":"EPSG:4283","geoLevel":"lga2011","key":"LGA2011","keyRegex":null,"availability":"true","geomField":"the_geom","keyword":"labour market, participation rate, employment, social, population, demography","theme":null,"temporalExtent":{"beginDate":"2011-01-01T00:00:00","endDate":"2011-12-31T00:00:00","selectTime":false},"type":"dataset","_id":"dataset-RAI-RIA:RIA_2011_Labour_Indicators-lga2011","bbox":null,"abstract":"This data has been created by the Regional Australia Institute for the <a href=\"http://www.regionalaustralia.org.au/research-policy/insight/\" > [In]Sight competitive index</a>, released in 2012. Modeled on the World Economic Forums Global Competitiveness Report, [In]Sight was developed in collaboration with Deloitte Access Economics and combines data from sources including the Australian Bureau of Statistics and the Social Health Atlas of Australia.<br/><br/>Both employment rates and the levels of labour force participation are key inputs into the creation of an efficient labour market. Generally, long-term unemployment indicates the presence of inherent structural problems which may adversely impact competitiveness. Low labour force participation may reflect low education levels in the region, a lack of economic opportunities or an atypical age structure (such as a skew towards retirement age persons).","selectedAttributes":[{"name":"LGA2011","type":"java.lang.Integer","title":"LGA Code","description":"the ABS code for the LGA","stype":"Nominal","isDimension":false},{"name":"State","type":"java.lang.String","title":"State","description":"The state within the LGA is located","stype":"nominal","isDimension":false},{"name":"LGA_Name","type":"java.lang.String","title":"LGA Name","description":"The name of the LGA","stype":"nominal","isDimension":false},{"name":"Labour_sd","type":"java.lang.Double","title":"Labour Market Efficiency Indicator Standard Deviation","description":"The standard deviation of the Labour Market Efficiency Indicator, representing how well a LGA is performing relative to a national \"average Australian region\"","stype":"ratio","isDimension":false},{"name":"Labour_ran","type":"java.lang.Double","title":"Labour Market Efficiency Indicator Ranking","description":"The Rank of the Labour Market Efficiency Indicator from 1-560 out of 560 Local Government Areas, based on the Standard Deviation","stype":"ordinal","isDimension":false},{"name":"Unem_LFT","type":"java.lang.Double","title":"Unemployed, looking for full-time work","description":"Number of people Unemployed and looking for full-time work","stype":"ratio","isDimension":false},{"name":"Unem_LPT","type":"java.lang.Double","title":"Unemployed, looking for part-time work","description":"Number of people Unemployed, looking for part-time work","stype":"ratio","isDimension":false},{"name":"TotUnempl","type":"java.lang.Double","title":"Total persons unemployed, looking for work","description":"Total persons unemployed, looking for work in the LGA","stype":"ratio","isDimension":false},{"name":"LabForce","type":"java.lang.Double","title":"Labour Force","description":"The total labour force within the LGA","stype":"Ratio","isDimension":false},{"name":"Unemp_meas","type":"java.lang.Double","title":"Unemployment Rate","description":"Measurement: % persons in the labour force looking for work (higher ranking implies less people looking for work) (Source: ABS Census 2011 - Table builder, Labour force status by LGA)","stype":"ratio","isDimension":false},{"name":"Unemp_sd","type":"java.lang.Double","title":"Unemployment Rate Standard Deviation","description":"The standard deviation of the Measure, representing how well a LGA is performing relative to a national \"average Australian region\"","stype":"ratio","isDimension":false},{"name":"Unemp_rank","type":"java.lang.Double","title":"Unemployment Rate Ranking","description":"The Rank of the Measure from 1-560 out of 560 Local Government Areas, based on the Standard Deviation","stype":"ordinal","isDimension":false},{"name":"Unemp_15_1","type":"java.lang.Double","title":"Unemployed, 15-19 years","description":"Number of unemployed people 15-19 years old","stype":"ratio","isDimension":false},{"name":"Unemp_20_2","type":"java.lang.Double","title":"Unemployed, 20-24 years","description":"Number of unemployed people 20-24 years old","stype":"ratio","isDimension":false},{"name":"Empl_15_19","type":"java.lang.Double","title":"Employed, 15-19 years","description":"Number of employed people 15-19 years old","stype":"ratio","isDimension":false},{"name":"Empl_20_24","type":"java.lang.Double","title":"Employed 20-24 years","description":"Number of employed people 20-24 years old","stype":"ratio","isDimension":false},{"name":"YUnem_meas","type":"java.lang.Double","title":"Young Unemplyoment","description":"Measurement: % persons in the labour force aged 15-24 looking for work (higher ranking implies less people looking for work) (Source: ABS Census 2011 - Table builder, Labour force status by LGA)","stype":"ratio","isDimension":false},{"name":"YUnem_sd","type":"java.lang.Double","title":"Young Unemplyoment Standard Deviation","description":"The standard deviation of the Measure, representing how well a LGA is performing relative to a national \"average Australian region\"","stype":"ratio","isDimension":false},{"name":"YUnem_rank","type":"java.lang.Double","title":"Young Unemplyoment Ranking","description":"The Rank of the Measure from 1-560 out of 560 Local Government Areas, based on the Standard Deviation","stype":"ordinal","isDimension":false},{"name":"WkAgePop","type":"java.lang.Double","title":"Working age (15-64 years)","description":"Number of people in the LGA of Working age (15-64 years)","stype":"ratio","isDimension":false},{"name":"PartR_meas","type":"java.lang.Double","title":"Participation Rate","description":"Measurement: % working age population in the labour force (Source: ABS Census 2011 - Table builder, Labour force status by LGA, ABS Census 2011 - Table builder, population by LGA)","stype":"ratio","isDimension":false},{"name":"PartR_sd","type":"java.lang.Double","title":"Participation Rate Standard Deviation","description":"The standard deviation of the Measure, representing how well a LGA is performing relative to a national \"average Australian region\"","stype":"ratio","isDimension":false},{"name":"PartR_rank","type":"java.lang.Double","title":"Participation Rate Ranking","description":"The Rank of the Measure from 1-560 out of 560 Local Government Areas, based on the Standard Deviation","stype":"ordinal","isDimension":false},{"name":"FT_Mngr","type":"java.lang.Double","title":"Full time managers","description":"Number of Full time managers in the LGA","stype":"ratio","isDimension":false},{"name":"FT_Prof","type":"java.lang.Double","title":"Full Time Professionals","description":"Number of Full Time Professionals in the LGA","stype":"ratio","isDimension":false},{"name":"PT_Mngr","type":"java.lang.Double","title":"Part Time Managers","description":"Number of Part Time Managers in the LGA","stype":"ratio","isDimension":false},{"name":"PT_Prof","type":"java.lang.Double","title":"Part Time Professionals","description":"Number of Part Time Professionals in the LGA","stype":"ratio","isDimension":false},{"name":"Away_Mngr","type":"java.lang.Double","title":"Employed Managers, away from work","description":"Number of Employed Managers, away from work in the LGA","stype":"ratio","isDimension":false},{"name":"Away_Prof","type":"java.lang.Double","title":"Employed Professionals, away from work","description":"Number of Employed Professionals, away from work in the LGA","stype":"ratio","isDimension":false},{"name":"Skill_meas","type":"java.lang.Double","title":"Skilled Labour","description":"Measurement: % of workforce employed as managers and professionals (Source: ABS Census 2011 - Table builder, Labour force status and occupation by LGA)","stype":"ratio","isDimension":false},{"name":"Skill_sd","type":"java.lang.Double","title":"Skilled Labour Standard Deviation","description":"The standard deviation of the Measure, representing how well a LGA is performing relative to a national \"average Australian region\"","stype":"ratio","isDimension":false},{"name":"Skill_rank","type":"java.lang.Double","title":"Skilled Labour Ranking","description":"The Rank of the Measure from 1-560 out of 560 Local Government Areas, based on the Standard Deviation","stype":"ordinal","isDimension":false},{"name":"GvmtSprt","type":"java.lang.Double","title":"Number on Government support","description":"Number of adults using Government support as main source of income","stype":"ratio","isDimension":false},{"name":"AdultPop","type":"java.lang.Double","title":"Adult Population","description":"Number of adults within the LGA","stype":"ratio","isDimension":false},{"name":"Welf_meas","type":"java.lang.Double","title":"Welfare Dependance","description":"Measurement: % of population using Government support main source income (higher rank indicates lower proportion) (Source: Social Health Atlas of Australia)","stype":"ratio","isDimension":false},{"name":"Welf_sd","type":"java.lang.Double","title":"Welfare Dependance Standard Deviation","description":"The standard deviation of the Measure, representing how well a LGA is performing relative to a national \"average Australian region\"","stype":"ratio","isDimension":false},{"name":"Welf_rank","type":"java.lang.Double","title":"Welfare Dependance Ranking","description":"The Rank of the Measure from 1-560 out of 560 Local Government Areas, based on the Standard Deviation","stype":"ordinal","isDimension":false}],"filter":{"filterType":"tabular","feature":{"key":"LGA2011","geoLevel":"lga2011","geoField":"ignored","year":"2006","featureBbox":[140.961681984,-39.159189527500004,149.976679008,-33.9806475865],"featureType":"ste","featureInstance":"2","featureName":"Victoria","referenceSystemIdentifier":"EPSG:4283","prefix":"","keyTransform":null},"states":["2"]}}