{"organisation":"TUA_PHIDU","name":"lga11_agedistribution_persons","title":"LGA11 Age Distribution - Persons","legal":{"copyrightYear":"2014","attributionYear":"2014","attribution":"{datasource.organisationTitle}, ({dataset.attributionYear}): {dataset.title}; accessed from AURIN Portal on {dateOfAccess}.","clickthrough":false,"licenceType":"Creative Commons Attribution-NonCommercial-ShareAlike 3.0 Australia (CC BY-NC-SA 3.0 AU)","copyrightNotice":"&copy; {datasource.organisationTitle} {dataset.copyrightYear}"},"referenceSystemIdentifier":"EPSG:4283","geoLevel":"lga2011","key":"area_code","keyRegex":null,"availability":"true","geomField":"wkb_geometry","keyword":"age distribution, person, population, demographic","theme":null,"temporalExtent":{"beginDate":"2013-06-30T00:00:00","endDate":"2013-06-30T00:00:00","selectTime":false},"type":"dataset","_id":"dataset-TUA_PHIDU-lga11_agedistribution_persons-lga2011","bbox":null,"abstract":"The number of persons and their proportion of the total population by age groups to 85 years and over by LGA 2011, for the year 2013.","selectedAttributes":[{"name":"area_code","type":"java.lang.Integer","title":"Local Government Area Code","description":"Local Government Area code (2011)","stype":"nominal","isDimension":false},{"name":"area_name","type":"java.lang.String","title":"Local Government Area Name","description":"Local Government Area name (2011)","stype":"nominal","isDimension":false},{"name":"x30_34_p_1_no_6_13_6_13","type":"java.lang.Double","title":"Persons 30 to 34 Years - Count","description":"The number of persons aged 30-34 years. Source: ABS Estimated Resident Population, 30 June 2013.","stype":"ratio","isDimension":false},{"name":"x30_34_p_3_percent_6_13_6_13","type":"java.lang.Double","title":"Persons 30 to 34 Years - Percent","description":"Persons, 30-34 years as a percentage of total persons. Source: ABS Estimated Resident Population, 30 June 2013.","stype":"ratio","isDimension":false},{"name":"x35_39_p_1_no_6_13_6_13","type":"java.lang.Double","title":"Persons 35 to 39 Years - Count","description":"The number of persons aged 35-39 years. Source: ABS Estimated Resident Population, 30 June 2013.","stype":"ratio","isDimension":false},{"name":"x35_39_p_3_percent_6_13_6_13","type":"java.lang.Double","title":"Persons 35 to 39 Years - Percent","description":"Persons, 35-39 years as a percentage of total persons. Source: ABS Estimated Resident Population, 30 June 2013.","stype":"ratio","isDimension":false},{"name":"x40_44_p_1_no_6_13_6_13","type":"java.lang.Double","title":"Persons 40 to 44 Years - Count","description":"The number of persons aged 40-44 years. Source: ABS Estimated Resident Population, 30 June 2013.","stype":"ratio","isDimension":false},{"name":"x40_44_p_3_percent_6_13_6_13","type":"java.lang.Double","title":"Persons 40 to 44 Years - Percent","description":"Persons, 40-44 years as a percentage of total persons. Source: ABS Estimated Resident Population, 30 June 2013.","stype":"ratio","isDimension":false},{"name":"x45_49_p_1_no_6_13_6_13","type":"java.lang.Double","title":"Persons 45 to 49 Years - Count","description":"The number of persons aged 45-49 years. Source: ABS Estimated Resident Population, 30 June 2013.","stype":"ratio","isDimension":false},{"name":"x45_49_p_3_percent_6_13_6_13","type":"java.lang.Double","title":"Persons 45 to 49 Years - Percent","description":"Persons, 45-49 years as a percentage of total persons. Source: ABS Estimated Resident Population, 30 June 2013.","stype":"ratio","isDimension":false},{"name":"x0_4_p_1_no_6_13_6_13","type":"java.lang.Double","title":"Persons 0 to 4 Years - Count","description":"The number of persons aged 0-4 years. Source: ABS Estimated Resident Population, 30 June 2013.","stype":"ratio","isDimension":false},{"name":"x5_9_p_1_no_6_13_6_13","type":"java.lang.Double","title":"Persons 5 to 9 Years - Count","description":"The number of persons aged 5-9 years. Source: ABS Estimated Resident Population, 30 June 2013.","stype":"ratio","isDimension":false},{"name":"x5_9_p_3_percent_6_13_6_13","type":"java.lang.Double","title":"Persons 5 to 9 Years - Percent","description":"Persons, 5-9 years as a percentage of total persons. Source: ABS Estimated Resident Population, 30 June 2013.","stype":"ratio","isDimension":false},{"name":"x50_54_p_1_no_6_13_6_13","type":"java.lang.Double","title":"Persons 50 to 54 Years - Count","description":"The number of persons aged 50 to 54 years. Source: ABS Estimated Resident Population, 30 June 2013.","stype":"ratio","isDimension":false},{"name":"x50_54_p_3_percent_6_13_6_13","type":"java.lang.Double","title":"Persons 50 to 54 Years - Percent","description":"Persons, 50-54 years as a percentage of total persons. Source: ABS Estimated Resident Population, 30 June 2013.","stype":"ratio","isDimension":false},{"name":"x15_19_p_3_percent_6_13_6_13","type":"java.lang.Double","title":"Persons 15 to 19 Years - Percent","description":"Persons, 15-19 years as a percentage of total persons. Source: ABS Estimated Resident Population, 30 June 2013.","stype":"ratio","isDimension":false},{"name":"x55_59_p_1_no_6_13_6_13","type":"java.lang.Double","title":"Persons 55 to 59 Years - Count","description":"The number of persons aged 55-59 years. Source: ABS Estimated Resident Population, 30 June 2013.","stype":"ratio","isDimension":false},{"name":"x55_59_p_3_percent_6_13_6_13","type":"java.lang.Double","title":"Persons 55 to 59 Years - Percent","description":"Persons, 55-59 years as a percentage of total persons. Source: ABS Estimated Resident Population, 30 June 2013.","stype":"ratio","isDimension":false},{"name":"x60_64_p_1_no_6_13_6_13","type":"java.lang.Double","title":"Persons 60 to 64 Years - Count","description":"The number of persons aged 60-64 years. Source: ABS Estimated Resident Population, 30 June 2013.","stype":"ratio","isDimension":false},{"name":"x60_64_p_3_percent_6_13_6_13","type":"java.lang.Double","title":"Persons 60 to 64 Years - Percent","description":"Persons, 60-64 years as a percentage of total persons. Source: ABS Estimated Resident Population, 30 June 2013.","stype":"ratio","isDimension":false},{"name":"x65_69_p_1_no_6_13_6_13","type":"java.lang.Double","title":"Persons 65 to 69 Years - Count","description":"The number of persons aged 65-69 years. Source: ABS Estimated Resident Population, 30 June 2013.","stype":"ratio","isDimension":false},{"name":"x65_69_p_3_percent_6_13_6_13","type":"java.lang.Double","title":"Persons 65 to 69 Years - Percent","description":"Persons, 65-69 years as a percentage of total persons. Source: ABS Estimated Resident Population, 30 June 2013.","stype":"ratio","isDimension":false},{"name":"x20_24_p_1_no_6_13_6_13","type":"java.lang.Double","title":"Persons 20 to 24 Years - Count","description":"The number of persons aged 20-24 years. Source: ABS Estimated Resident Population, 30 June 2013.","stype":"ratio","isDimension":false},{"name":"x70_74_p_1_no_6_13_6_13","type":"java.lang.Double","title":"Persons 70 to 74 Years - Count","description":"The number of persons aged 70-74 years. Source: ABS Estimated Resident Population, 30 June 2013.","stype":"ratio","isDimension":false},{"name":"x70_74_p_3_percent_6_13_6_13","type":"java.lang.Double","title":"Persons 70 to 74 Years - Percent","description":"Persons, 70-74 years as a percentage of total persons. Source: ABS Estimated Resident Population, 30 June 2013.","stype":"ratio","isDimension":false},{"name":"x75_79_p_1_no_6_13_6_13","type":"java.lang.Double","title":"Persons 75 to 79 Years - Count","description":"The number of persons aged 75-79 years. Source: ABS Estimated Resident Population, 30 June 2013.","stype":"ratio","isDimension":false},{"name":"x0_4_p_3_percent_6_13_6_13","type":"java.lang.Double","title":"Persons 0 to 4 Years - Percent","description":"Persons, 0-4 years as a percentage of total persons. Source: ABS Estimated Resident Population, 30 June 2013.","stype":"ratio","isDimension":false},{"name":"x75_79_p_3_percent_6_13_6_13","type":"java.lang.Double","title":"Persons 75 to 79 Years - Percent","description":"Persons, 75-79 years as a percentage of total persons. Source: ABS Estimated Resident Population, 30 June 2013.","stype":"ratio","isDimension":false},{"name":"x80_84_p_1_no_6_13_6_13","type":"java.lang.Double","title":"Persons 80 to 84 Years - Count","description":"The number of persons aged 80-84 years. Source: ABS Estimated Resident Population, 30 June 2013.","stype":"ratio","isDimension":false},{"name":"x80_84_p_3_percent_6_13_6_13","type":"java.lang.Double","title":"Persons 80 to 84 Years - Percent","description":"Persons, 80-84 years as a percentage of total persons. Source: ABS Estimated Resident Population, 30 June 2013.","stype":"ratio","isDimension":false},{"name":"x85pl_p_1_no_6_13_6_13","type":"java.lang.Double","title":"Persons 85 Years and Over - Count","description":"The number of persons aged 85 years and over. Source: ABS Estimated Resident Population, 30 June 2013.","stype":"ratio","isDimension":false},{"name":"x85pl_p_2_denom_6_13_6_13","type":"java.lang.Double","title":"Total Persons","description":"Total persons. Source: ABS Estimated Resident Population, 30 June 2013.","stype":"ratio","isDimension":false},{"name":"x85pl_p_3_percent_6_13_6_13","type":"java.lang.Double","title":"Persons 85 Years and Over - Percent","description":"Persons, 85 years and over as a percentage of total persons. Source: ABS Estimated Resident Population, 30 June 2013.","stype":"ratio","isDimension":false},{"name":"x10_14_p_1_no_6_13_6_13","type":"java.lang.Double","title":"Persons 10 to 14 Years - Count","description":"The number of persons aged 10-14 years. Source: ABS Estimated Resident Population, 30 June 2013.","stype":"ratio","isDimension":false},{"name":"x10_14_p_3_percent_6_13_6_13","type":"java.lang.Double","title":"Persons 10 to 14 Years - Percent","description":"Persons, 10-14 years as a percentage of total persons. Source: ABS Estimated Resident Population, 30 June 2013.","stype":"ratio","isDimension":false},{"name":"x15_19_p_1_no_6_13_6_13","type":"java.lang.Double","title":"Persons 15 to 19 Years - Count","description":"The number of persons aged 15-19 years. Source: ABS Estimated Resident Population, 30 June 2013.","stype":"ratio","isDimension":false},{"name":"x20_24_p_3_percent_6_13_6_13","type":"java.lang.Double","title":"Persons 20 to 24 Years - Percent","description":"Persons, 20-24 years as a percentage of total persons. Source: ABS Estimated Resident Population, 30 June 2013.","stype":"ratio","isDimension":false},{"name":"x25_29_p_1_no_6_13_6_13","type":"java.lang.Double","title":"Persons 25 to 29 Years - Count","description":"The number of persons aged 25-29 years. Source: ABS Estimated Resident Population, 30 June 2013.","stype":"ratio","isDimension":false},{"name":"x25_29_p_3_percent_6_13_6_13","type":"java.lang.Double","title":"Persons 25 to 29 Years - Percent","description":"Persons, 25-29 years as a percentage of total persons. Source: ABS Estimated Resident Population, 30 June 2013.","stype":"ratio","isDimension":false}],"filter":{"filterType":"tabular","feature":{"key":"area_code","geoLevel":"lga2011","geoField":"ignored","year":"2006","featureBbox":[140.961681984,-39.159189527500004,149.976679008,-33.9806475865],"featureType":"ste","featureInstance":"2","featureName":"Victoria","referenceSystemIdentifier":"EPSG:4283","prefix":"","keyTransform":null},"states":["2"]}}